,Exams,Percentage,Solution_code1,Solution_code2,Time_code1,Time_code2
0,5,0.0,,2.0,,4e-06
1,5,0.01,,2.0,,4e-06
2,5,0.02,,2.0,,4e-06
3,5,0.03,,2.0,,5e-06
4,5,0.04,,2.0,,7.000000000000001e-06
5,5,0.05,,2.0,,4e-06
6,5,0.06,,2.0,,5e-06
7,5,0.07,,2.0,,4e-06
8,5,0.08,,2.0,,4e-06
9,5,0.09,,2.0,,4e-06
10,5,0.1,,2.0,,4e-06
11,5,0.11,,2.0,,4e-06
12,5,0.12,,2.0,,4e-06
13,5,0.13,,2.0,,5e-06
14,5,0.14,,2.0,,5e-06
15,5,0.15,,2.0,,4e-06
16,5,0.16,,2.0,,4e-06
17,5,0.17,,2.0,,6e-06
18,5,0.18,,2.0,,5e-06
19,5,0.19,,2.0,,6e-06
20,5,0.2,,2.0,,5e-06
21,5,0.21,,2.0,,4e-06
22,5,0.22,,2.0,,4e-06
23,5,0.23,,2.0,,5e-06
24,5,0.24,,2.0,,2.4e-05
25,5,0.25,,3.0,,8e-06
26,5,0.26,,3.0,,8e-06
27,5,0.27,,3.0,,8e-06
28,5,0.28,,3.0,,8e-06
29,5,0.29,,3.0,,8e-06
30,5,0.3,,3.0,,8e-06
31,5,0.31,,3.0,,7.000000000000001e-06
32,5,0.32,,3.0,,9e-06
33,5,0.33,,3.0,,9e-06
34,5,0.34,,3.0,,8e-06
35,5,0.35000000000000003,,3.0,,8e-06
36,5,0.36,,3.0,,8e-06
37,5,0.37,,3.0,,9e-06
38,5,0.38,,3.0,,8e-06
39,5,0.39,,3.0,,8e-06
40,5,0.4,,3.0,,8e-06
41,5,0.41,,3.0,,8e-06
42,5,0.42,,3.0,,7.000000000000001e-06
43,5,0.43,,3.0,,8e-06
44,5,0.44,,3.0,,8e-06
45,5,0.45,,3.0,,9e-06
46,5,0.46,,3.0,,1e-05
47,5,0.47,,3.0,,8e-06
48,5,0.48,,3.0,,8e-06
49,5,0.49,,3.0,,8e-06
50,5,0.5,,3.0,,8e-06
51,5,0.51,,3.0,,6e-06
52,5,0.52,,3.0,,6e-06
53,5,0.53,,3.0,,6e-06
54,5,0.54,,3.0,,7.000000000000001e-06
55,5,0.55,,3.0,,8e-06
56,5,0.56,,3.0,,6e-06
57,5,0.5700000000000001,,3.0,,6e-06
58,5,0.58,,3.0,,7.000000000000001e-06
59,5,0.59,,3.0,,5e-06
60,5,0.6,,3.0,,6e-06
61,5,0.61,,3.0,,6e-06
62,5,0.62,,3.0,,6e-06
63,5,0.63,,3.0,,6e-06
64,5,0.64,,3.0,,6e-06
65,5,0.65,,3.0,,6e-06
66,5,0.66,,3.0,,6e-06
67,5,0.67,,3.0,,6e-06
68,5,0.68,,3.0,,6e-06
69,5,0.6900000000000001,,3.0,,7.000000000000001e-06
70,5,0.7000000000000001,,3.0,,6e-06
71,5,0.71,,3.0,,6e-06
72,5,0.72,,3.0,,6e-06
73,5,0.73,,3.0,,7.000000000000001e-06
74,5,0.74,,3.0,,6e-06
75,5,0.75,,3.0,,7.000000000000001e-06
76,5,0.76,,3.0,,6e-06
77,5,0.77,,3.0,,7.000000000000001e-06
78,5,0.78,,3.0,,6e-06
79,5,0.79,,3.0,,6e-06
80,5,0.8,,3.0,,6e-06
81,5,0.81,,3.0,,5e-06
82,5,0.8200000000000001,,3.0,,6e-06
83,5,0.8300000000000001,,3.0,,6e-06
84,5,0.84,,3.0,,6e-06
85,5,0.85,,3.0,,6e-06
86,5,0.86,,3.0,,6e-06
87,5,0.87,,3.0,,7.000000000000001e-06
88,5,0.88,,3.0,,6e-06
89,5,0.89,,3.0,,6e-06
90,5,0.9,,3.0,,6e-06
91,5,0.91,,3.0,,6e-06
92,5,0.92,,4.0,,9e-06
93,5,0.93,,4.0,,9e-06
94,5,0.94,,5.0,,2.8999999999999997e-05
95,5,0.95,,5.0,,1.6e-05
96,5,0.96,,5.0,,1.6e-05
97,5,0.97,,5.0,,1.6e-05
98,5,0.98,,5.0,,1.4999999999999999e-05
99,5,0.99,,5.0,,1.4999999999999999e-05
100,5,1.0,,5.0,,1.7e-05
101,6,0.0,,2.0,,4e-06
102,6,0.01,,2.0,,5e-06
103,6,0.02,,2.0,,4e-06
104,6,0.03,,2.0,,4e-06
105,6,0.04,,2.0,,5e-06
106,6,0.05,,2.0,,5e-06
107,6,0.06,,2.0,,5e-06
108,6,0.07,,2.0,,5e-06
109,6,0.08,,2.0,,5e-06
110,6,0.09,,2.0,,4e-06
111,6,0.1,,2.0,,4e-06
112,6,0.11,,2.0,,4e-06
113,6,0.12,,2.0,,5e-06
114,6,0.13,,2.0,,5e-06
115,6,0.14,,2.0,,4e-06
116,6,0.15,,2.0,,4e-06
117,6,0.16,,2.0,,5e-06
118,6,0.17,,2.0,,6e-06
119,6,0.18,,2.0,,7.000000000000001e-06
120,6,0.19,,2.0,,6e-06
121,6,0.2,,2.0,,7.000000000000001e-06
122,6,0.21,,2.0,,6e-06
123,6,0.22,,2.0,,6e-06
124,6,0.23,,2.0,,7.000000000000001e-06
125,6,0.24,,2.0,,7.000000000000001e-06
126,6,0.25,,2.0,,6e-06
127,6,0.26,,2.0,,7.000000000000001e-06
128,6,0.27,,2.0,,6e-06
129,6,0.28,,2.0,,6e-06
130,6,0.29,,2.0,,6e-06
131,6,0.3,,2.0,,6e-06
132,6,0.31,,2.0,,6e-06
133,6,0.32,,2.0,,6e-06
134,6,0.33,,2.0,,6e-06
135,6,0.34,,2.0,,7.000000000000001e-06
136,6,0.35000000000000003,,2.0,,6e-06
137,6,0.36,,2.0,,6e-06
138,6,0.37,,2.0,,6e-06
139,6,0.38,,2.0,,6e-06
140,6,0.39,,2.0,,6e-06
141,6,0.4,,2.0,,5e-06
142,6,0.41,,2.0,,5e-06
143,6,0.42,,2.0,,4e-06
144,6,0.43,,2.0,,5e-06
145,6,0.44,,2.0,,1.9e-05
146,6,0.45,,2.0,,5e-06
147,6,0.46,,2.0,,5e-06
148,6,0.47,,2.0,,5e-06
149,6,0.48,,2.0,,5e-06
150,6,0.49,,2.0,,4e-06
151,6,0.5,,2.0,,5e-06
152,6,0.51,,2.0,,5e-06
153,6,0.52,,2.0,,4e-06
154,6,0.53,,2.0,,2.8000000000000003e-05
155,6,0.54,,2.0,,4e-06
156,6,0.55,,2.0,,5e-06
157,6,0.56,,2.0,,4e-06
158,6,0.5700000000000001,,2.0,,4e-06
159,6,0.58,,2.0,,5e-06
160,6,0.59,,2.0,,5e-06
161,6,0.6,,2.0,,5e-06
162,6,0.61,,2.0,,5e-06
163,6,0.62,,2.0,,4e-06
164,6,0.63,,2.0,,5e-06
165,6,0.64,,2.0,,4e-06
166,6,0.65,,2.0,,5e-06
167,6,0.66,,2.0,,5e-06
168,6,0.67,,2.0,,5e-06
169,6,0.68,,2.0,,4e-06
170,6,0.6900000000000001,,3.0,,7.000000000000001e-06
171,6,0.7000000000000001,,3.0,,8e-06
172,6,0.71,,3.0,,8e-06
173,6,0.72,,3.0,,1e-05
174,6,0.73,,3.0,,8e-06
175,6,0.74,,3.0,,8e-06
176,6,0.75,,3.0,,8e-06
177,6,0.76,,3.0,,8e-06
178,6,0.77,,3.0,,8e-06
179,6,0.78,,3.0,,8e-06
180,6,0.79,,3.0,,8e-06
181,6,0.8,,4.0,,1.4999999999999999e-05
182,6,0.81,,4.0,,1.4999999999999999e-05
183,6,0.8200000000000001,,4.0,,1.6e-05
184,6,0.8300000000000001,,4.0,,1.4999999999999999e-05
185,6,0.84,,4.0,,1.7e-05
186,6,0.85,,4.0,,1.6e-05
187,6,0.86,,4.0,,1.7e-05
188,6,0.87,,4.0,,1.7e-05
189,6,0.88,,4.0,,1.7e-05
190,6,0.89,,4.0,,1.6e-05
191,6,0.9,,4.0,,1.6e-05
192,6,0.91,,4.0,,1.4999999999999999e-05
193,6,0.92,,4.0,,1.4000000000000001e-05
194,6,0.93,,5.0,,2.4e-05
195,6,0.94,,6.0,,7.6e-05
196,6,0.95,,6.0,,4.9e-05
197,6,0.96,,6.0,,4.9e-05
198,6,0.97,,6.0,,4.9e-05
199,6,0.98,,6.0,,4.7e-05
200,6,0.99,,6.0,,4.6e-05
201,6,1.0,,6.0,,4.7e-05
202,7,0.0,,2.0,,5e-06
203,7,0.01,,2.0,,5e-06
204,7,0.02,,2.0,,6e-06
205,7,0.03,,2.0,,5e-06
206,7,0.04,,2.0,,5e-06
207,7,0.05,,2.0,,6e-06
208,7,0.06,,2.0,,6e-06
209,7,0.07,,2.0,,6e-06
210,7,0.08,,2.0,,6e-06
211,7,0.09,,2.0,,5e-06
212,7,0.1,,2.0,,5e-06
213,7,0.11,,2.0,,7.000000000000001e-06
214,7,0.12,,2.0,,5e-06
215,7,0.13,,2.0,,5e-06
216,7,0.14,,2.0,,6e-06
217,7,0.15,,2.0,,6e-06
218,7,0.16,,2.0,,5e-06
219,7,0.17,,2.0,,5e-06
220,7,0.18,,2.0,,6e-06
221,7,0.19,,2.0,,5e-06
222,7,0.2,,2.0,,5e-06
223,7,0.21,,2.0,,5e-06
224,7,0.22,,2.0,,6e-06
225,7,0.23,,2.0,,6e-06
226,7,0.24,,2.0,,5e-06
227,7,0.25,,2.0,,5e-06
228,7,0.26,,2.0,,5e-06
229,7,0.27,,2.0,,5e-06
230,7,0.28,,2.0,,5e-06
231,7,0.29,,2.0,,5e-06
232,7,0.3,,2.0,,6e-06
233,7,0.31,,2.0,,6e-06
234,7,0.32,,2.0,,1.1e-05
235,7,0.33,,2.0,,1.1e-05
236,7,0.34,,2.0,,1.1e-05
237,7,0.35000000000000003,,2.0,,1e-05
238,7,0.36,,2.0,,3.2e-05
239,7,0.37,,2.0,,9e-06
240,7,0.38,,3.0,,1.1e-05
241,7,0.39,,3.0,,3.2e-05
242,7,0.4,,3.0,,9e-06
243,7,0.41,,3.0,,9e-06
244,7,0.42,,3.0,,1e-05
245,7,0.43,,3.0,,1e-05
246,7,0.44,,3.0,,8e-06
247,7,0.45,,3.0,,1e-05
248,7,0.46,,3.0,,1e-05
249,7,0.47,,3.0,,9e-06
250,7,0.48,,3.0,,9e-06
251,7,0.49,,3.0,,1e-05
252,7,0.5,,3.0,,9e-06
253,7,0.51,,3.0,,1.6e-05
254,7,0.52,,3.0,,1.6e-05
255,7,0.53,,3.0,,1.4999999999999999e-05
256,7,0.54,,3.0,,1.6e-05
257,7,0.55,,3.0,,1.4999999999999999e-05
258,7,0.56,,3.0,,1.6e-05
259,7,0.5700000000000001,,3.0,,1.6e-05
260,7,0.58,,3.0,,1.4000000000000001e-05
261,7,0.59,,3.0,,1.6e-05
262,7,0.6,,3.0,,1.4999999999999999e-05
263,7,0.61,,3.0,,2e-05
264,7,0.62,,3.0,,1.6e-05
265,7,0.63,,3.0,,1.7e-05
266,7,0.64,,3.0,,1.7e-05
267,7,0.65,,3.0,,1.4999999999999999e-05
268,7,0.66,,3.0,,1.6e-05
269,7,0.67,,3.0,,1.6e-05
270,7,0.68,,3.0,,1.7e-05
271,7,0.6900000000000001,,3.0,,1.4000000000000001e-05
272,7,0.7000000000000001,,3.0,,1.4999999999999999e-05
273,7,0.71,,3.0,,1.3000000000000001e-05
274,7,0.72,,3.0,,1.4999999999999999e-05
275,7,0.73,,3.0,,1.4000000000000001e-05
276,7,0.74,,4.0,,3.4e-05
277,7,0.75,,4.0,,2.3e-05
278,7,0.76,,4.0,,2e-05
279,7,0.77,,4.0,,2.1e-05
280,7,0.78,,4.0,,2.1e-05
281,7,0.79,,4.0,,2.3e-05
282,7,0.8,,5.0,,2.7000000000000002e-05
283,7,0.81,,5.0,,2.6000000000000002e-05
284,7,0.8200000000000001,,5.0,,2.6000000000000002e-05
285,7,0.8300000000000001,,5.0,,2.7000000000000002e-05
286,7,0.84,,5.0,,2.6000000000000002e-05
287,7,0.85,,5.0,,4.1e-05
288,7,0.86,,5.0,,2.9999999999999997e-05
289,7,0.87,,5.0,,2.6000000000000002e-05
290,7,0.88,,5.0,,2.7000000000000002e-05
291,7,0.89,,5.0,,2.7000000000000002e-05
292,7,0.9,,5.0,,2.8000000000000003e-05
293,7,0.91,,5.0,,2.6000000000000002e-05
294,7,0.92,,5.0,,2e-05
295,7,0.93,,6.0,,4.7e-05
296,7,0.94,,7.0,,0.000215
297,7,0.95,,7.0,,0.00022
298,7,0.96,,7.0,,0.000231
299,7,0.97,,7.0,,0.00023799999999999998
300,7,0.98,,7.0,,0.00021899999999999998
301,7,0.99,,7.0,,0.000218
302,7,1.0,,7.0,,0.000223
303,8,0.0,,2.0,,6e-06
304,8,0.01,,2.0,,6e-06
305,8,0.02,,2.0,,6e-06
306,8,0.03,,2.0,,6e-06
307,8,0.04,,2.0,,6e-06
308,8,0.05,,2.0,,6e-06
309,8,0.06,,2.0,,6e-06
310,8,0.07,,2.0,,6e-06
311,8,0.08,,2.0,,5e-06
312,8,0.09,,2.0,,6e-06
313,8,0.1,,2.0,,6e-06
314,8,0.11,,2.0,,5e-06
315,8,0.12,,2.0,,6e-06
316,8,0.13,,2.0,,6e-06
317,8,0.14,,2.0,,6e-06
318,8,0.15,,2.0,,5e-06
319,8,0.16,,2.0,,6e-06
320,8,0.17,,2.0,,6e-06
321,8,0.18,,2.0,,6e-06
322,8,0.19,,2.0,,6e-06
323,8,0.2,,2.0,,6e-06
324,8,0.21,,2.0,,6e-06
325,8,0.22,,2.0,,6e-06
326,8,0.23,,2.0,,6e-06
327,8,0.24,,2.0,,6e-06
328,8,0.25,,2.0,,6e-06
329,8,0.26,,2.0,,7.000000000000001e-06
330,8,0.27,,2.0,,7.000000000000001e-06
331,8,0.28,,2.0,,6e-06
332,8,0.29,,2.0,,6e-06
333,8,0.3,,2.0,,7.000000000000001e-06
334,8,0.31,,2.0,,6e-06
335,8,0.32,,3.0,,1.4000000000000001e-05
336,8,0.33,,3.0,,1.4000000000000001e-05
337,8,0.34,,3.0,,1.6e-05
338,8,0.35000000000000003,,3.0,,1.6e-05
339,8,0.36,,3.0,,1.4999999999999999e-05
340,8,0.37,,3.0,,1.4999999999999999e-05
341,8,0.38,,3.0,,1.3000000000000001e-05
342,8,0.39,,3.0,,1.3000000000000001e-05
343,8,0.4,,3.0,,1.2e-05
344,8,0.41,,3.0,,1.3000000000000001e-05
345,8,0.42,,3.0,,1.4000000000000001e-05
346,8,0.43,,3.0,,1.3000000000000001e-05
347,8,0.44,,3.0,,2.9999999999999997e-05
348,8,0.45,,3.0,,1.3000000000000001e-05
349,8,0.46,,3.0,,1.3000000000000001e-05
350,8,0.47,,3.0,,1.3000000000000001e-05
351,8,0.48,,3.0,,1.2e-05
352,8,0.49,,3.0,,1.2e-05
353,8,0.5,,3.0,,1.2e-05
354,8,0.51,,3.0,,1.3000000000000001e-05
355,8,0.52,,3.0,,1.2e-05
356,8,0.53,,3.0,,1.2e-05
357,8,0.54,,3.0,,1.3000000000000001e-05
358,8,0.55,,3.0,,1.3000000000000001e-05
359,8,0.56,,3.0,,9e-06
360,8,0.5700000000000001,,3.0,,9e-06
361,8,0.58,,3.0,,8e-06
362,8,0.59,,3.0,,8e-06
363,8,0.6,,3.0,,9e-06
364,8,0.61,,3.0,,9e-06
365,8,0.62,,3.0,,9e-06
366,8,0.63,,3.0,,9e-06
367,8,0.64,,3.0,,9e-06
368,8,0.65,,3.0,,9e-06
369,8,0.66,,3.0,,1e-05
370,8,0.67,,3.0,,9e-06
371,8,0.68,,3.0,,9e-06
372,8,0.6900000000000001,,3.0,,9e-06
373,8,0.7000000000000001,,3.0,,9e-06
374,8,0.71,,3.0,,9e-06
375,8,0.72,,3.0,,9e-06
376,8,0.73,,3.0,,1e-05
377,8,0.74,,3.0,,9e-06
378,8,0.75,,3.0,,9e-06
379,8,0.76,,3.0,,9e-06
380,8,0.77,,3.0,,9e-06
381,8,0.78,,3.0,,9e-06
382,8,0.79,,3.0,,9e-06
383,8,0.8,,4.0,,1.7e-05
384,8,0.81,,4.0,,1.8e-05
385,8,0.8200000000000001,,4.0,,1.7e-05
386,8,0.8300000000000001,,4.0,,1.7e-05
387,8,0.84,,4.0,,4.2e-05
388,8,0.85,,4.0,,1.7e-05
389,8,0.86,,4.0,,3.5e-05
390,8,0.87,,4.0,,3.4e-05
391,8,0.88,,4.0,,1.8e-05
392,8,0.89,,4.0,,1.7e-05
393,8,0.9,,5.0,,3.9e-05
394,8,0.91,,5.0,,3.1e-05
395,8,0.92,,5.0,,2.5e-05
396,8,0.93,,6.0,,6.4e-05
397,8,0.94,,7.0,,0.00036
398,8,0.95,,7.0,,0.00035499999999999996
399,8,0.96,,8.0,,0.001228
400,8,0.97,,8.0,,0.001234
401,8,0.98,,8.0,,0.001261
402,8,0.99,,8.0,,0.0012289999999999998
403,8,1.0,,8.0,,0.0012230000000000001
404,9,0.0,,2.0,,7.000000000000001e-06
405,9,0.01,,2.0,,8e-06
406,9,0.02,,2.0,,7.000000000000001e-06
407,9,0.03,,2.0,,7.000000000000001e-06
408,9,0.04,,2.0,,6e-06
409,9,0.05,,2.0,,6e-06
410,9,0.06,,2.0,,7.000000000000001e-06
411,9,0.07,,2.0,,6e-06
412,9,0.08,,2.0,,6e-06
413,9,0.09,,2.0,,7.000000000000001e-06
414,9,0.1,,2.0,,7.000000000000001e-06
415,9,0.11,,2.0,,8e-06
416,9,0.12,,2.0,,6e-06
417,9,0.13,,2.0,,7.000000000000001e-06
418,9,0.14,,2.0,,6e-06
419,9,0.15,,2.0,,6e-06
420,9,0.16,,2.0,,5e-06
421,9,0.17,,2.0,,6e-06
422,9,0.18,,2.0,,7.000000000000001e-06
423,9,0.19,,2.0,,1.1e-05
424,9,0.2,,2.0,,1e-05
425,9,0.21,,2.0,,9e-06
426,9,0.22,,2.0,,1e-05
427,9,0.23,,2.0,,9e-06
428,9,0.24,,2.0,,9e-06
429,9,0.25,,2.0,,1e-05
430,9,0.26,,2.0,,9e-06
431,9,0.27,,2.0,,9e-06
432,9,0.28,,2.0,,8e-06
433,9,0.29,,2.0,,8e-06
434,9,0.3,,2.0,,9e-06
435,9,0.31,,2.0,,8e-06
436,9,0.32,,2.0,,8e-06
437,9,0.33,,2.0,,8e-06
438,9,0.34,,2.0,,9e-06
439,9,0.35000000000000003,,2.0,,7.000000000000001e-06
440,9,0.36,,2.0,,9e-06
441,9,0.37,,2.0,,1e-05
442,9,0.38,,3.0,,2.7000000000000002e-05
443,9,0.39,,3.0,,2.8000000000000003e-05
444,9,0.4,,3.0,,2.6000000000000002e-05
445,9,0.41,,3.0,,2.6000000000000002e-05
446,9,0.42,,3.0,,2.6000000000000002e-05
447,9,0.43,,3.0,,2.6000000000000002e-05
448,9,0.44,,3.0,,2.3e-05
449,9,0.45,,3.0,,2.5e-05
450,9,0.46,,3.0,,2.5e-05
451,9,0.47,,3.0,,2.4e-05
452,9,0.48,,3.0,,2.4e-05
453,9,0.49,,3.0,,2.4e-05
454,9,0.5,,3.0,,2e-05
455,9,0.51,,4.0,,0.000153
456,9,0.52,,4.0,,0.000147
457,9,0.53,,4.0,,0.000146
458,9,0.54,,4.0,,8.8e-05
459,9,0.55,,4.0,,8.9e-05
460,9,0.56,,4.0,,8.2e-05
461,9,0.5700000000000001,,4.0,,8.2e-05
462,9,0.58,,4.0,,8.3e-05
463,9,0.59,,4.0,,9e-05
464,9,0.6,,4.0,,8.9e-05
465,9,0.61,,4.0,,8.9e-05
466,9,0.62,,4.0,,8.9e-05
467,9,0.63,,4.0,,9.1e-05
468,9,0.64,,4.0,,9e-05
469,9,0.65,,4.0,,9.7e-05
470,9,0.66,,4.0,,8.4e-05
471,9,0.67,,4.0,,8.3e-05
472,9,0.68,,4.0,,8.3e-05
473,9,0.6900000000000001,,4.0,,7.7e-05
474,9,0.7000000000000001,,4.0,,7.900000000000001e-05
475,9,0.71,,4.0,,7.8e-05
476,9,0.72,,4.0,,7.7e-05
477,9,0.73,,4.0,,7.7e-05
478,9,0.74,,4.0,,5.5e-05
479,9,0.75,,4.0,,4.3e-05
480,9,0.76,,4.0,,1.6e-05
481,9,0.77,,4.0,,1.9e-05
482,9,0.78,,4.0,,1.8e-05
483,9,0.79,,4.0,,1.9e-05
484,9,0.8,,4.0,,1.2e-05
485,9,0.81,,4.0,,1.1e-05
486,9,0.8200000000000001,,4.0,,1.2e-05
487,9,0.8300000000000001,,4.0,,1.1e-05
488,9,0.84,,4.0,,1.1e-05
489,9,0.85,,4.0,,1.1e-05
490,9,0.86,,4.0,,1.1e-05
491,9,0.87,,5.0,,3.5e-05
492,9,0.88,,5.0,,3.7e-05
493,9,0.89,,5.0,,3.8e-05
494,9,0.9,,5.0,,3.6e-05
495,9,0.91,,5.0,,4.4e-05
496,9,0.92,,6.0,,0.00011499999999999999
497,9,0.93,,6.0,,7.8e-05
498,9,0.94,,7.0,,0.00028199999999999997
499,9,0.95,,7.0,,0.00028199999999999997
500,9,0.96,,8.0,,0.0016079999999999998
501,9,0.97,,9.0,,0.008348000000000001
502,9,0.98,,9.0,,0.008192
503,9,0.99,,9.0,,0.008205
504,9,1.0,,9.0,,0.008402
505,10,0.0,,2.0,,8e-06
506,10,0.01,,2.0,,8e-06
507,10,0.02,,2.0,,7.000000000000001e-06
508,10,0.03,,2.0,,8e-06
509,10,0.04,,2.0,,8e-06
510,10,0.05,,2.0,,8e-06
511,10,0.06,,2.0,,8e-06
512,10,0.07,,2.0,,8e-06
513,10,0.08,,2.0,,7.000000000000001e-06
514,10,0.09,,2.0,,7.000000000000001e-06
515,10,0.1,,2.0,,7.000000000000001e-06
516,10,0.11,,2.0,,8e-06
517,10,0.12,,2.0,,8e-06
518,10,0.13,,2.0,,8e-06
519,10,0.14,,2.0,,8e-06
520,10,0.15,,2.0,,7.000000000000001e-06
521,10,0.16,,2.0,,8e-06
522,10,0.17,,2.0,,7.000000000000001e-06
523,10,0.18,,2.0,,9e-06
524,10,0.19,,2.0,,9e-06
525,10,0.2,,2.0,,7.000000000000001e-06
526,10,0.21,,2.0,,8e-06
527,10,0.22,,2.0,,7.000000000000001e-06
528,10,0.23,,2.0,,7.000000000000001e-06
529,10,0.24,,2.0,,8e-06
530,10,0.25,,2.0,,7.000000000000001e-06
531,10,0.26,,2.0,,9e-06
532,10,0.27,,2.0,,8e-06
533,10,0.28,,2.0,,8e-06
534,10,0.29,,2.0,,8e-06
535,10,0.3,,2.0,,6e-06
536,10,0.31,,2.0,,7.000000000000001e-06
537,10,0.32,,2.0,,1.1e-05
538,10,0.33,,2.0,,1.1e-05
539,10,0.34,,3.0,,1.9e-05
540,10,0.35000000000000003,,3.0,,1.9e-05
541,10,0.36,,3.0,,1.8e-05
542,10,0.37,,3.0,,1.9e-05
543,10,0.38,,3.0,,1.4999999999999999e-05
544,10,0.39,,3.0,,1.4000000000000001e-05
545,10,0.4,,3.0,,1.4999999999999999e-05
546,10,0.41,,3.0,,1.4000000000000001e-05
547,10,0.42,,3.0,,1.4000000000000001e-05
548,10,0.43,,3.0,,1.4000000000000001e-05
549,10,0.44,,3.0,,1.4000000000000001e-05
550,10,0.45,,3.0,,1.4999999999999999e-05
551,10,0.46,,3.0,,1.3000000000000001e-05
552,10,0.47,,3.0,,1.4999999999999999e-05
553,10,0.48,,3.0,,1.4000000000000001e-05
554,10,0.49,,3.0,,1.4000000000000001e-05
555,10,0.5,,3.0,,3.6e-05
556,10,0.51,,3.0,,3.6e-05
557,10,0.52,,3.0,,3.6e-05
558,10,0.53,,3.0,,3.7e-05
559,10,0.54,,3.0,,3.7e-05
560,10,0.55,,3.0,,3.5e-05
561,10,0.56,,3.0,,3.7e-05
562,10,0.5700000000000001,,3.0,,3.5e-05
563,10,0.58,,3.0,,3.6e-05
564,10,0.59,,3.0,,3.5e-05
565,10,0.6,,3.0,,3.4e-05
566,10,0.61,,3.0,,3.5e-05
567,10,0.62,,3.0,,3.5e-05
568,10,0.63,,3.0,,4.6e-05
569,10,0.64,,3.0,,3.6e-05
570,10,0.65,,3.0,,3.6e-05
571,10,0.66,,3.0,,3.6e-05
572,10,0.67,,3.0,,3.4e-05
573,10,0.68,,3.0,,4.1e-05
574,10,0.6900000000000001,,3.0,,3.6e-05
575,10,0.7000000000000001,,3.0,,2.8999999999999997e-05
576,10,0.71,,3.0,,2.8999999999999997e-05
577,10,0.72,,3.0,,2.7000000000000002e-05
578,10,0.73,,3.0,,2.8000000000000003e-05
579,10,0.74,,3.0,,2.8999999999999997e-05
580,10,0.75,,4.0,,0.0001
581,10,0.76,,4.0,,4.4e-05
582,10,0.77,,4.0,,4.4e-05
583,10,0.78,,4.0,,5.7999999999999994e-05
584,10,0.79,,4.0,,4.1e-05
585,10,0.8,,5.0,,0.00015
586,10,0.81,,5.0,,0.000148
587,10,0.8200000000000001,,5.0,,0.000145
588,10,0.8300000000000001,,5.0,,0.000144
589,10,0.84,,5.0,,0.000155
590,10,0.85,,5.0,,0.000145
591,10,0.86,,5.0,,0.000148
592,10,0.87,,5.0,,0.000117
593,10,0.88,,5.0,,0.00011399999999999999
594,10,0.89,,5.0,,0.00010700000000000001
595,10,0.9,,5.0,,0.00014
596,10,0.91,,5.0,,0.00014099999999999998
597,10,0.92,,5.0,,0.00010700000000000001
598,10,0.93,,6.0,,0.000606
599,10,0.94,,7.0,,0.000686
600,10,0.95,,7.0,,0.000683
601,10,0.96,,8.0,,0.00246
602,10,0.97,,9.0,,0.008419
603,10,0.98,,10.0,,0.064739
604,10,0.99,,10.0,,0.061975999999999996
605,10,1.0,,10.0,,0.065579
606,11,0.0,,2.0,,8e-06
607,11,0.01,,2.0,,8e-06
608,11,0.02,,2.0,,8e-06
609,11,0.03,,2.0,,8e-06
610,11,0.04,,2.0,,9e-06
611,11,0.05,,2.0,,9e-06
612,11,0.06,,2.0,,9e-06
613,11,0.07,,2.0,,9e-06
614,11,0.08,,2.0,,8e-06
615,11,0.09,,2.0,,1e-05
616,11,0.1,,2.0,,8e-06
617,11,0.11,,2.0,,1.1e-05
618,11,0.12,,3.0,,1.3000000000000001e-05
619,11,0.13,,3.0,,1.2e-05
620,11,0.14,,3.0,,1.2e-05
621,11,0.15,,3.0,,1.2e-05
622,11,0.16,,3.0,,1.2e-05
623,11,0.17,,3.0,,1.1e-05
624,11,0.18,,3.0,,1.1e-05
625,11,0.19,,3.0,,1.1e-05
626,11,0.2,,3.0,,1.3000000000000001e-05
627,11,0.21,,3.0,,2.8000000000000003e-05
628,11,0.22,,3.0,,1.1e-05
629,11,0.23,,3.0,,1.3000000000000001e-05
630,11,0.24,,3.0,,1.1e-05
631,11,0.25,,3.0,,1.2e-05
632,11,0.26,,3.0,,1.1e-05
633,11,0.27,,3.0,,1.2e-05
634,11,0.28,,3.0,,1.3000000000000001e-05
635,11,0.29,,3.0,,1.3000000000000001e-05
636,11,0.3,,3.0,,1.2e-05
637,11,0.31,,3.0,,1.2e-05
638,11,0.32,,3.0,,1.2e-05
639,11,0.33,,3.0,,1.1e-05
640,11,0.34,,3.0,,1.1e-05
641,11,0.35000000000000003,,3.0,,1.1e-05
642,11,0.36,,3.0,,1.1e-05
643,11,0.37,,3.0,,1.1e-05
644,11,0.38,,4.0,,1.4000000000000001e-05
645,11,0.39,,4.0,,1.4999999999999999e-05
646,11,0.4,,4.0,,1.6e-05
647,11,0.41,,4.0,,1.6e-05
648,11,0.42,,4.0,,1.4999999999999999e-05
649,11,0.43,,4.0,,1.4999999999999999e-05
650,11,0.44,,4.0,,1.6e-05
651,11,0.45,,4.0,,1.4999999999999999e-05
652,11,0.46,,4.0,,1.4999999999999999e-05
653,11,0.47,,4.0,,1.4000000000000001e-05
654,11,0.48,,4.0,,1.4000000000000001e-05
655,11,0.49,,4.0,,1.4000000000000001e-05
656,11,0.5,,4.0,,1.6e-05
657,11,0.51,,5.0,,0.000128
658,11,0.52,,5.0,,0.000128
659,11,0.53,,5.0,,0.000127
660,11,0.54,,5.0,,0.000129
661,11,0.55,,5.0,,0.000129
662,11,0.56,,5.0,,0.000128
663,11,0.5700000000000001,,5.0,,0.000128
664,11,0.58,,5.0,,0.000128
665,11,0.59,,5.0,,7.8e-05
666,11,0.6,,5.0,,8.4e-05
667,11,0.61,,5.0,,8.4e-05
668,11,0.62,,5.0,,8.4e-05
669,11,0.63,,5.0,,8.2e-05
670,11,0.64,,5.0,,7.8e-05
671,11,0.65,,5.0,,7.7e-05
672,11,0.66,,5.0,,7.8e-05
673,11,0.67,,5.0,,8.1e-05
674,11,0.68,,5.0,,7.8e-05
675,11,0.6900000000000001,,5.0,,7.8e-05
676,11,0.7000000000000001,,5.0,,8.499999999999999e-05
677,11,0.71,,5.0,,8.4e-05
678,11,0.72,,5.0,,8.499999999999999e-05
679,11,0.73,,5.0,,8.499999999999999e-05
680,11,0.74,,5.0,,7.2e-05
681,11,0.75,,5.0,,6.4e-05
682,11,0.76,,5.0,,6.4e-05
683,11,0.77,,5.0,,7.900000000000001e-05
684,11,0.78,,5.0,,7.099999999999999e-05
685,11,0.79,,5.0,,6.7e-05
686,11,0.8,,5.0,,3.8e-05
687,11,0.81,,5.0,,3.8e-05
688,11,0.8200000000000001,,5.0,,3.8e-05
689,11,0.8300000000000001,,5.0,,3.7e-05
690,11,0.84,,6.0,,0.000242
691,11,0.85,,6.0,,0.00024900000000000004
692,11,0.86,,6.0,,0.00024900000000000004
693,11,0.87,,6.0,,0.00024900000000000004
694,11,0.88,,6.0,,0.00024900000000000004
695,11,0.89,,6.0,,0.000248
696,11,0.9,,6.0,,0.00025499999999999996
697,11,0.91,,6.0,,0.000256
698,11,0.92,,7.0,,0.001127
699,11,0.93,,7.0,,0.000919
700,11,0.94,,9.0,,0.02271
701,11,0.95,,9.0,,0.023204
702,11,0.96,,9.0,,0.016791999999999998
703,11,0.97,,10.0,,0.128349
704,11,0.98,,11.0,,0.598729
705,11,0.99,,11.0,,0.59391
706,11,1.0,,11.0,,0.592066
707,12,0.0,,2.0,,9e-06
708,12,0.01,,2.0,,8e-06
709,12,0.02,,2.0,,8e-06
710,12,0.03,,2.0,,1e-05
711,12,0.04,,2.0,,8e-06
712,12,0.05,,2.0,,1e-05
713,12,0.06,,2.0,,9e-06
714,12,0.07,,2.0,,9e-06
715,12,0.08,,2.0,,8e-06
716,12,0.09,,2.0,,9e-06
717,12,0.1,,2.0,,8e-06
718,12,0.11,,2.0,,9e-06
719,12,0.12,,2.0,,9e-06
720,12,0.13,,2.0,,1e-05
721,12,0.14,,2.0,,1e-05
722,12,0.15,,2.0,,9e-06
723,12,0.16,,2.0,,9e-06
724,12,0.17,,2.0,,1.1e-05
725,12,0.18,,2.0,,1e-05
726,12,0.19,,2.0,,1.2e-05
727,12,0.2,,2.0,,1.1e-05
728,12,0.21,,3.0,,1.8e-05
729,12,0.22,,3.0,,1.8e-05
730,12,0.23,,3.0,,1.8e-05
731,12,0.24,,3.0,,1.7e-05
732,12,0.25,,3.0,,1.8e-05
733,12,0.26,,3.0,,1.8e-05
734,12,0.27,,3.0,,1.4999999999999999e-05
735,12,0.28,,3.0,,1.6e-05
736,12,0.29,,3.0,,3.5e-05
737,12,0.3,,3.0,,1.4999999999999999e-05
738,12,0.31,,3.0,,1.6e-05
739,12,0.32,,3.0,,1.8e-05
740,12,0.33,,3.0,,1.8e-05
741,12,0.34,,3.0,,1.9e-05
742,12,0.35000000000000003,,3.0,,1.6e-05
743,12,0.36,,3.0,,2.7000000000000002e-05
744,12,0.37,,3.0,,2.5e-05
745,12,0.38,,3.0,,2.6000000000000002e-05
746,12,0.39,,3.0,,2.6000000000000002e-05
747,12,0.4,,3.0,,2.7000000000000002e-05
748,12,0.41,,3.0,,2.8000000000000003e-05
749,12,0.42,,3.0,,2.7000000000000002e-05
750,12,0.43,,3.0,,2.7000000000000002e-05
751,12,0.44,,3.0,,2.8000000000000003e-05
752,12,0.45,,3.0,,2.8000000000000003e-05
753,12,0.46,,3.0,,2.7000000000000002e-05
754,12,0.47,,3.0,,2.5e-05
755,12,0.48,,3.0,,2.6000000000000002e-05
756,12,0.49,,3.0,,3.2e-05
757,12,0.5,,4.0,,7e-05
758,12,0.51,,4.0,,5.9999999999999995e-05
759,12,0.52,,4.0,,5.6999999999999996e-05
760,12,0.53,,4.0,,5.6999999999999996e-05
761,12,0.54,,4.0,,5.4000000000000005e-05
762,12,0.55,,4.0,,5.4000000000000005e-05
763,12,0.56,,4.0,,4.8e-05
764,12,0.5700000000000001,,4.0,,5e-05
765,12,0.58,,4.0,,5.4000000000000005e-05
766,12,0.59,,4.0,,5.2000000000000004e-05
767,12,0.6,,4.0,,5.2000000000000004e-05
768,12,0.61,,4.0,,5.4000000000000005e-05
769,12,0.62,,4.0,,5.1e-05
770,12,0.63,,4.0,,5e-05
771,12,0.64,,4.0,,5.2000000000000004e-05
772,12,0.65,,4.0,,5.1e-05
773,12,0.66,,4.0,,5.3e-05
774,12,0.67,,4.0,,5.4000000000000005e-05
775,12,0.68,,4.0,,5.1e-05
776,12,0.6900000000000001,,4.0,,5.3e-05
777,12,0.7000000000000001,,4.0,,5.3e-05
778,12,0.71,,4.0,,5e-05
779,12,0.72,,4.0,,3.7e-05
780,12,0.73,,4.0,,3.4e-05
781,12,0.74,,4.0,,3.6e-05
782,12,0.75,,4.0,,3.6e-05
783,12,0.76,,5.0,,0.000182
784,12,0.77,,5.0,,0.000523
785,12,0.78,,5.0,,0.000625
786,12,0.79,,5.0,,0.000542
787,12,0.8,,5.0,,0.000459
788,12,0.81,,5.0,,0.000124
789,12,0.8200000000000001,,5.0,,0.000169
790,12,0.8300000000000001,,6.0,,0.00033999999999999997
791,12,0.84,,6.0,,0.00016999999999999999
792,12,0.85,,6.0,,0.000172
793,12,0.86,,6.0,,0.000124
794,12,0.87,,6.0,,0.000149
795,12,0.88,,6.0,,0.000129
796,12,0.89,,7.0,,0.0014550000000000001
797,12,0.9,,7.0,,0.001444
798,12,0.91,,7.0,,0.0013050000000000002
799,12,0.92,,7.0,,0.0008150000000000001
800,12,0.93,,7.0,,0.000321
801,12,0.94,,10.0,,0.12575899999999998
802,12,0.95,,10.0,,0.127973
803,12,0.96,,11.0,,0.582558
804,12,0.97,,11.0,,0.5834199999999999
805,12,0.98,,12.0,,5.758822
806,12,0.99,,12.0,,5.676836
807,12,1.0,,12.0,,5.711932
808,13,0.0,,2.0,,1.1e-05
809,13,0.01,,2.0,,1.1e-05
810,13,0.02,,2.0,,1.1e-05
811,13,0.03,,2.0,,1e-05
812,13,0.04,,2.0,,1.3000000000000001e-05
813,13,0.05,,2.0,,1.1e-05
814,13,0.06,,2.0,,1.1e-05
815,13,0.07,,2.0,,9e-06
816,13,0.08,,2.0,,9e-06
817,13,0.09,,2.0,,1.2e-05
818,13,0.1,,2.0,,1.1e-05
819,13,0.11,,2.0,,1.1e-05
820,13,0.12,,2.0,,1.1e-05
821,13,0.13,,2.0,,1.4999999999999999e-05
822,13,0.14,,2.0,,1.1e-05
823,13,0.15,,2.0,,1.2e-05
824,13,0.16,,2.0,,9e-06
825,13,0.17,,2.0,,1.4999999999999999e-05
826,13,0.18,,2.0,,3.2e-05
827,13,0.19,,3.0,,4.7e-05
828,13,0.2,,3.0,,3.6e-05
829,13,0.21,,3.0,,2.9999999999999997e-05
830,13,0.22,,3.0,,3.2e-05
831,13,0.23,,3.0,,3.5e-05
832,13,0.24,,3.0,,2.9999999999999997e-05
833,13,0.25,,3.0,,3.2e-05
834,13,0.26,,3.0,,2.8999999999999997e-05
835,13,0.27,,3.0,,2.8999999999999997e-05
836,13,0.28,,3.0,,2.9999999999999997e-05
837,13,0.29,,3.0,,2.9999999999999997e-05
838,13,0.3,,3.0,,3.2e-05
839,13,0.31,,3.0,,3.2e-05
840,13,0.32,,3.0,,3.1e-05
841,13,0.33,,3.0,,2.9999999999999997e-05
842,13,0.34,,3.0,,2.9999999999999997e-05
843,13,0.35000000000000003,,3.0,,2.9999999999999997e-05
844,13,0.36,,3.0,,2.3e-05
845,13,0.37,,3.0,,2.4e-05
846,13,0.38,,4.0,,0.000205
847,13,0.39,,4.0,,0.000215
848,13,0.4,,4.0,,0.000468
849,13,0.41,,4.0,,0.00047599999999999997
850,13,0.42,,4.0,,0.00046399999999999995
851,13,0.43,,4.0,,0.000465
852,13,0.44,,4.0,,0.00042800000000000005
853,13,0.45,,4.0,,0.00042800000000000005
854,13,0.46,,4.0,,0.000429
855,13,0.47,,4.0,,0.00034700000000000003
856,13,0.48,,4.0,,0.000386
857,13,0.49,,4.0,,0.000367
858,13,0.5,,4.0,,0.000336
859,13,0.51,,4.0,,0.00023999999999999998
860,13,0.52,,4.0,,0.000239
861,13,0.53,,4.0,,0.000272
862,13,0.54,,4.0,,0.000234
863,13,0.55,,5.0,,0.0009599999999999999
864,13,0.56,,5.0,,0.000769
865,13,0.5700000000000001,,5.0,,0.000768
866,13,0.58,,5.0,,0.000807
867,13,0.59,,5.0,,0.0007509999999999999
868,13,0.6,,5.0,,0.0007650000000000001
869,13,0.61,,5.0,,0.000728
870,13,0.62,,5.0,,0.000787
871,13,0.63,,5.0,,0.000726
872,13,0.64,,5.0,,0.000762
873,13,0.65,,5.0,,0.000785
874,13,0.66,,5.0,,0.000805
875,13,0.67,,5.0,,0.000932
876,13,0.68,,5.0,,0.0007639999999999999
877,13,0.6900000000000001,,5.0,,0.000723
878,13,0.7000000000000001,,5.0,,0.000726
879,13,0.71,,5.0,,0.000724
880,13,0.72,,5.0,,0.000724
881,13,0.73,,5.0,,0.000728
882,13,0.74,,5.0,,0.0007769999999999999
883,13,0.75,,5.0,,0.000773
884,13,0.76,,6.0,,0.0018579999999999998
885,13,0.77,,6.0,,0.001286
886,13,0.78,,6.0,,0.001271
887,13,0.79,,6.0,,0.001273
888,13,0.8,,6.0,,0.0026079999999999996
889,13,0.81,,7.0,,0.008213
890,13,0.8200000000000001,,7.0,,0.008157
891,13,0.8300000000000001,,7.0,,0.006068
892,13,0.84,,7.0,,0.005731
893,13,0.85,,7.0,,0.0055899999999999995
894,13,0.86,,7.0,,0.003846
895,13,0.87,,7.0,,0.003058
896,13,0.88,,7.0,,0.0030989999999999998
897,13,0.89,,7.0,,0.0031550000000000003
898,13,0.9,,8.0,,0.03386
899,13,0.91,,8.0,,0.034753
900,13,0.92,,8.0,,0.026108999999999997
901,13,0.93,,8.0,,0.010944
902,13,0.94,,10.0,,0.731274
903,13,0.95,,10.0,,0.579549
904,13,0.96,,10.0,,0.34389699999999995
905,13,0.97,,11.0,,1.772375
906,13,0.98,,12.0,,11.482366
907,13,0.99,,13.0,,62.903381
908,13,1.0,,13.0,,97.665901
909,14,0.0,,2.0,,1.6e-05
910,14,0.01,,2.0,,1.6e-05
911,14,0.02,,2.0,,1.7e-05
912,14,0.03,,2.0,,1.6e-05
913,14,0.04,,2.0,,1.8e-05
914,14,0.05,,2.0,,1.6e-05
915,14,0.06,,2.0,,1.7e-05
916,14,0.07,,2.0,,1.4999999999999999e-05
917,14,0.08,,2.0,,2e-05
918,14,0.09,,2.0,,2e-05
919,14,0.1,,2.0,,1.8e-05
920,14,0.11,,2.0,,1.8e-05
921,14,0.12,,2.0,,5e-05
922,14,0.13,,2.0,,4.7e-05
923,14,0.14,,2.0,,5.9999999999999995e-05
924,14,0.15,,2.0,,4.8e-05
925,14,0.16,,2.0,,5.7999999999999994e-05
926,14,0.17,,2.0,,4.8e-05
927,14,0.18,,2.0,,4.7e-05
928,14,0.19,,2.0,,3.5e-05
929,14,0.2,,2.0,,3.3e-05
930,14,0.21,,3.0,,6.2e-05
931,14,0.22,,3.0,,5.7999999999999994e-05
932,14,0.23,,3.0,,4.2e-05
933,14,0.24,,3.0,,4.6e-05
934,14,0.25,,3.0,,4.5e-05
935,14,0.26,,3.0,,3.9e-05
936,14,0.27,,3.0,,3.3e-05
937,14,0.28,,3.0,,0.000241
938,14,0.29,,3.0,,0.000252
939,14,0.3,,3.0,,0.00022
940,14,0.31,,3.0,,0.000233
941,14,0.32,,3.0,,0.00022999999999999998
942,14,0.33,,3.0,,0.00022200000000000003
943,14,0.34,,3.0,,0.000246
944,14,0.35000000000000003,,3.0,,0.000294
945,14,0.36,,3.0,,0.00025699999999999996
946,14,0.37,,3.0,,0.000241
947,14,0.38,,3.0,,0.000193
948,14,0.39,,3.0,,0.000196
949,14,0.4,,3.0,,0.000136
950,14,0.41,,3.0,,0.000121
951,14,0.42,,4.0,,0.000294
952,14,0.43,,4.0,,0.00025
953,14,0.44,,4.0,,0.00018999999999999998
954,14,0.45,,4.0,,0.000188
955,14,0.46,,4.0,,0.000151
956,14,0.47,,4.0,,7.6e-05
957,14,0.48,,4.0,,5.6000000000000006e-05
958,14,0.49,,4.0,,5.5e-05
959,14,0.5,,4.0,,0.000171
960,14,0.51,,4.0,,8.6e-05
961,14,0.52,,4.0,,7.5e-05
962,14,0.53,,4.0,,8e-05
963,14,0.54,,4.0,,7.6e-05
964,14,0.55,,5.0,,0.000206
965,14,0.56,,5.0,,0.00017900000000000001
966,14,0.5700000000000001,,5.0,,0.000183
967,14,0.58,,5.0,,0.000171
968,14,0.59,,5.0,,0.000162
969,14,0.6,,5.0,,0.00020899999999999998
970,14,0.61,,5.0,,0.00021099999999999998
971,14,0.62,,5.0,,0.000162
972,14,0.63,,5.0,,0.000184
973,14,0.64,,5.0,,0.000199
974,14,0.65,,5.0,,0.000198
975,14,0.66,,5.0,,0.000207
976,14,0.67,,5.0,,0.00020800000000000001
977,14,0.68,,5.0,,0.000206
978,14,0.6900000000000001,,5.0,,0.000156
979,14,0.7000000000000001,,5.0,,0.000161
980,14,0.71,,5.0,,0.000136
981,14,0.72,,5.0,,0.000471
982,14,0.73,,6.0,,0.0033829999999999997
983,14,0.74,,6.0,,0.001501
984,14,0.75,,6.0,,0.00151
985,14,0.76,,6.0,,0.001267
986,14,0.77,,6.0,,0.000785
987,14,0.78,,6.0,,0.00079
988,14,0.79,,6.0,,0.000763
989,14,0.8,,6.0,,0.00072
990,14,0.81,,7.0,,0.010445
991,14,0.8200000000000001,,7.0,,0.01009
992,14,0.8300000000000001,,7.0,,0.01045
993,14,0.84,,7.0,,0.011947
994,14,0.85,,7.0,,0.011308
995,14,0.86,,7.0,,0.009058
996,14,0.87,,7.0,,0.0070420000000000005
997,14,0.88,,7.0,,0.005417
998,14,0.89,,7.0,,0.002852
999,14,0.9,,7.0,,0.002781
1000,14,0.91,,7.0,,0.002838
1001,14,0.92,,7.0,,0.001093
1002,14,0.93,,8.0,,0.015981
1003,14,0.94,,9.0,,0.104468
1004,14,0.95,,9.0,,0.067164
1005,14,0.96,,12.0,,35.859339
1006,14,0.97,,12.0,,25.250443
1007,14,0.98,,13.0,,141.85801999999998
1008,14,0.99,,-1.0,,300.000001
1009,14,1.0,,-1.0,,300.000001
1010,5,0.0,1.0,,1.2e-05,
1011,5,0.01,1.0,,1.3e-05,
1012,5,0.02,1.0,,1.2e-05,
1013,5,0.03,1.0,,1.2e-05,
1014,5,0.04,1.0,,1.5e-05,
1015,5,0.05,2.0,,1.2e-05,
1016,5,0.06,2.0,,3.4e-05,
1017,5,0.07,2.0,,1.2e-05,
1018,5,0.08,2.0,,1.1e-05,
1019,5,0.09,2.0,,1.1e-05,
1020,5,0.1,2.0,,1.2e-05,
1021,5,0.11,2.0,,1.2e-05,
1022,5,0.12,2.0,,1.2e-05,
1023,5,0.13,2.0,,1.3e-05,
1024,5,0.14,2.0,,1.1e-05,
1025,5,0.15,2.0,,1.2e-05,
1026,5,0.16,2.0,,1.2e-05,
1027,5,0.17,2.0,,1.6e-05,
1028,5,0.18,2.0,,1.2e-05,
1029,5,0.19,2.0,,1.6e-05,
1030,5,0.2,2.0,,1.2e-05,
1031,5,0.21,2.0,,1.1e-05,
1032,5,0.22,2.0,,1.1e-05,
1033,5,0.23,2.0,,1.1e-05,
1034,5,0.24,2.0,,1.3e-05,
1035,5,0.25,3.0,,1.1e-05,
1036,5,0.26,3.0,,1.2e-05,
1037,5,0.27,3.0,,1.1e-05,
1038,5,0.28,3.0,,1.1e-05,
1039,5,0.29,3.0,,1.1e-05,
1040,5,0.3,3.0,,1.1e-05,
1041,5,0.31,3.0,,1e-05,
1042,5,0.32,3.0,,1e-05,
1043,5,0.33,3.0,,1.2e-05,
1044,5,0.34,3.0,,1e-05,
1045,5,0.35000000000000003,3.0,,1.1e-05,
1046,5,0.36,3.0,,1e-05,
1047,5,0.37,3.0,,1.1e-05,
1048,5,0.38,3.0,,1.1e-05,
1049,5,0.39,3.0,,1.1e-05,
1050,5,0.4,3.0,,1.1e-05,
1051,5,0.41000000000000003,3.0,,1.1e-05,
1052,5,0.42,3.0,,1.2e-05,
1053,5,0.43,3.0,,1.1e-05,
1054,5,0.44,3.0,,1.3e-05,
1055,5,0.45,3.0,,1.1e-05,
1056,5,0.46,3.0,,1.1e-05,
1057,5,0.47000000000000003,3.0,,1e-05,
1058,5,0.48,3.0,,1.1e-05,
1059,5,0.49,3.0,,1.1e-05,
1060,5,0.5,3.0,,1e-05,
1061,5,0.51,3.0,,9e-06,
1062,5,0.52,3.0,,8e-06,
1063,5,0.53,3.0,,9e-06,
1064,5,0.54,3.0,,9e-06,
1065,5,0.55,3.0,,9e-06,
1066,5,0.56,3.0,,9e-06,
1067,5,0.5700000000000001,3.0,,8e-06,
1068,5,0.58,3.0,,9e-06,
1069,5,0.59,3.0,,9e-06,
1070,5,0.6,3.0,,9e-06,
1071,5,0.61,3.0,,8e-06,
1072,5,0.62,3.0,,8e-06,
1073,5,0.63,3.0,,9e-06,
1074,5,0.64,3.0,,9e-06,
1075,5,0.65,3.0,,9e-06,
1076,5,0.66,3.0,,9e-06,
1077,5,0.67,3.0,,9e-06,
1078,5,0.68,3.0,,9e-06,
1079,5,0.6900000000000001,3.0,,1e-05,
1080,5,0.7000000000000001,3.0,,9e-06,
1081,5,0.71,3.0,,9e-06,
1082,5,0.72,3.0,,9e-06,
1083,5,0.73,3.0,,9e-06,
1084,5,0.74,3.0,,1e-05,
1085,5,0.75,3.0,,9e-06,
1086,5,0.76,3.0,,9e-06,
1087,5,0.77,3.0,,1e-05,
1088,5,0.78,3.0,,9e-06,
1089,5,0.79,3.0,,8e-06,
1090,5,0.8,3.0,,8e-06,
1091,5,0.81,3.0,,9e-06,
1092,5,0.8200000000000001,3.0,,9e-06,
1093,5,0.8300000000000001,3.0,,9e-06,
1094,5,0.84,3.0,,1e-05,
1095,5,0.85,3.0,,9e-06,
1096,5,0.86,3.0,,9e-06,
1097,5,0.87,3.0,,9e-06,
1098,5,0.88,3.0,,9e-06,
1099,5,0.89,3.0,,9e-06,
1100,5,0.9,3.0,,8e-06,
1101,5,0.91,3.0,,8e-06,
1102,5,0.92,4.0,,9e-06,
1103,5,0.93,4.0,,1e-05,
1104,5,0.9400000000000001,5.0,,1e-05,
1105,5,0.9500000000000001,5.0,,1e-05,
1106,5,0.96,5.0,,1e-05,
1107,5,0.97,5.0,,1e-05,
1108,5,0.98,5.0,,1e-05,
1109,5,0.99,5.0,,1e-05,
1110,5,1.0,5.0,,1e-05,
1111,6,0.0,1.0,,1.6e-05,
1112,6,0.01,1.0,,1.8e-05,
1113,6,0.02,1.0,,1.8e-05,
1114,6,0.03,1.0,,1.8e-05,
1115,6,0.04,1.0,,1.9e-05,
1116,6,0.05,2.0,,1.5e-05,
1117,6,0.06,2.0,,1.6e-05,
1118,6,0.07,2.0,,1.5e-05,
1119,6,0.08,2.0,,1.4e-05,
1120,6,0.09,2.0,,1.4e-05,
1121,6,0.1,2.0,,1.5e-05,
1122,6,0.11,2.0,,1.4e-05,
1123,6,0.12,2.0,,1.5e-05,
1124,6,0.13,2.0,,1.5e-05,
1125,6,0.14,2.0,,1.6e-05,
1126,6,0.15,2.0,,1.6e-05,
1127,6,0.16,2.0,,1.5e-05,
1128,6,0.17,2.0,,1.7e-05,
1129,6,0.18,2.0,,1.8e-05,
1130,6,0.19,2.0,,1.7e-05,
1131,6,0.2,2.0,,1.7e-05,
1132,6,0.21,2.0,,1.7e-05,
1133,6,0.22,2.0,,1.7e-05,
1134,6,0.23,2.0,,1.8e-05,
1135,6,0.24,2.0,,3.3e-05,
1136,6,0.25,2.0,,1.7e-05,
1137,6,0.26,2.0,,1.7e-05,
1138,6,0.27,2.0,,1.7e-05,
1139,6,0.28,2.0,,1.6e-05,
1140,6,0.29,2.0,,1.6e-05,
1141,6,0.3,2.0,,1.6e-05,
1142,6,0.31,2.0,,1.6e-05,
1143,6,0.32,2.0,,1.7e-05,
1144,6,0.33,2.0,,1.7e-05,
1145,6,0.34,2.0,,1.7e-05,
1146,6,0.35000000000000003,2.0,,1.7e-05,
1147,6,0.36,2.0,,1.7e-05,
1148,6,0.37,2.0,,1.7e-05,
1149,6,0.38,2.0,,1.6e-05,
1150,6,0.39,2.0,,1.6e-05,
1151,6,0.4,2.0,,1.4e-05,
1152,6,0.41000000000000003,2.0,,1.4e-05,
1153,6,0.42,2.0,,1.3e-05,
1154,6,0.43,2.0,,1.4e-05,
1155,6,0.44,2.0,,1.4e-05,
1156,6,0.45,2.0,,1.4e-05,
1157,6,0.46,2.0,,1.5e-05,
1158,6,0.47000000000000003,2.0,,1.4e-05,
1159,6,0.48,2.0,,1.4e-05,
1160,6,0.49,2.0,,1.4e-05,
1161,6,0.5,2.0,,1.4e-05,
1162,6,0.51,2.0,,1.4e-05,
1163,6,0.52,2.0,,1.5e-05,
1164,6,0.53,2.0,,1.5e-05,
1165,6,0.54,2.0,,1.4e-05,
1166,6,0.55,2.0,,1.4e-05,
1167,6,0.56,2.0,,1.5e-05,
1168,6,0.5700000000000001,2.0,,1.5e-05,
1169,6,0.58,2.0,,1.4e-05,
1170,6,0.59,2.0,,1.5e-05,
1171,6,0.6,2.0,,1.5e-05,
1172,6,0.61,2.0,,1.5e-05,
1173,6,0.62,2.0,,1.4e-05,
1174,6,0.63,2.0,,2e-05,
1175,6,0.64,2.0,,1.5e-05,
1176,6,0.65,2.0,,1.5e-05,
1177,6,0.66,2.0,,1.5e-05,
1178,6,0.67,2.0,,1.5e-05,
1179,6,0.68,2.0,,1.4e-05,
1180,6,0.6900000000000001,3.0,,1.3e-05,
1181,6,0.7000000000000001,3.0,,1.4e-05,
1182,6,0.71,3.0,,1.5e-05,
1183,6,0.72,3.0,,1.5e-05,
1184,6,0.73,3.0,,1.3e-05,
1185,6,0.74,3.0,,1.4e-05,
1186,6,0.75,3.0,,1.4e-05,
1187,6,0.76,3.0,,1.4e-05,
1188,6,0.77,3.0,,1.4e-05,
1189,6,0.78,3.0,,1.5e-05,
1190,6,0.79,3.0,,1.4e-05,
1191,6,0.8,4.0,,1.6e-05,
1192,6,0.81,4.0,,1.7e-05,
1193,6,0.8200000000000001,4.0,,1.7e-05,
1194,6,0.8300000000000001,4.0,,2.1e-05,
1195,6,0.84,4.0,,1.8e-05,
1196,6,0.85,4.0,,1.8e-05,
1197,6,0.86,4.0,,1.8e-05,
1198,6,0.87,4.0,,1.8e-05,
1199,6,0.88,4.0,,1.8e-05,
1200,6,0.89,4.0,,1.8e-05,
1201,6,0.9,4.0,,1.6e-05,
1202,6,0.91,4.0,,1.6e-05,
1203,6,0.92,4.0,,1.5e-05,
1204,6,0.93,5.0,,1.9e-05,
1205,6,0.9400000000000001,6.0,,3.5e-05,
1206,6,0.9500000000000001,6.0,,3.5e-05,
1207,6,0.96,6.0,,3.4e-05,
1208,6,0.97,6.0,,3.5e-05,
1209,6,0.98,6.0,,3.3e-05,
1210,6,0.99,6.0,,3.3e-05,
1211,6,1.0,6.0,,3.4e-05,
1212,7,0.0,1.0,,2.2e-05,
1213,7,0.01,1.0,,2.2e-05,
1214,7,0.02,1.0,,2.4e-05,
1215,7,0.03,1.0,,2.3e-05,
1216,7,0.04,1.0,,2.3e-05,
1217,7,0.05,2.0,,2.3e-05,
1218,7,0.06,2.0,,2.3e-05,
1219,7,0.07,2.0,,2.3e-05,
1220,7,0.08,2.0,,2.3e-05,
1221,7,0.09,2.0,,2.2e-05,
1222,7,0.1,2.0,,2.2e-05,
1223,7,0.11,2.0,,2.1e-05,
1224,7,0.12,2.0,,2.3e-05,
1225,7,0.13,2.0,,2.4e-05,
1226,7,0.14,2.0,,2.2e-05,
1227,7,0.15,2.0,,2.3e-05,
1228,7,0.16,2.0,,2.2e-05,
1229,7,0.17,2.0,,2.1e-05,
1230,7,0.18,2.0,,2.1e-05,
1231,7,0.19,2.0,,2.1e-05,
1232,7,0.2,2.0,,2e-05,
1233,7,0.21,2.0,,2.1e-05,
1234,7,0.22,2.0,,2.2e-05,
1235,7,0.23,2.0,,2.3e-05,
1236,7,0.24,2.0,,2.1e-05,
1237,7,0.25,2.0,,2e-05,
1238,7,0.26,2.0,,2.1e-05,
1239,7,0.27,2.0,,2e-05,
1240,7,0.28,2.0,,2.1e-05,
1241,7,0.29,2.0,,2.1e-05,
1242,7,0.3,2.0,,2.2e-05,
1243,7,0.31,2.0,,2.2e-05,
1244,7,0.32,2.0,,2.6e-05,
1245,7,0.33,2.0,,2.6e-05,
1246,7,0.34,2.0,,2.6e-05,
1247,7,0.35000000000000003,2.0,,2.6e-05,
1248,7,0.36,2.0,,2.4e-05,
1249,7,0.37,2.0,,2.5e-05,
1250,7,0.38,3.0,,2.2e-05,
1251,7,0.39,3.0,,2.1e-05,
1252,7,0.4,3.0,,2e-05,
1253,7,0.41000000000000003,3.0,,2.1e-05,
1254,7,0.42,3.0,,2e-05,
1255,7,0.43,3.0,,2e-05,
1256,7,0.44,3.0,,1.9e-05,
1257,7,0.45,3.0,,1.9e-05,
1258,7,0.46,3.0,,2e-05,
1259,7,0.47000000000000003,3.0,,1.9e-05,
1260,7,0.48,3.0,,1.9e-05,
1261,7,0.49,3.0,,1.8e-05,
1262,7,0.5,3.0,,2e-05,
1263,7,0.51,3.0,,2.7e-05,
1264,7,0.52,3.0,,5.9e-05,
1265,7,0.53,3.0,,2.6e-05,
1266,7,0.54,3.0,,2.6e-05,
1267,7,0.55,3.0,,2.6e-05,
1268,7,0.56,3.0,,2.6e-05,
1269,7,0.5700000000000001,3.0,,2.6e-05,
1270,7,0.58,3.0,,2.5e-05,
1271,7,0.59,3.0,,2.7e-05,
1272,7,0.6,3.0,,6e-05,
1273,7,0.61,3.0,,3.3e-05,
1274,7,0.62,3.0,,2.6e-05,
1275,7,0.63,3.0,,2.9e-05,
1276,7,0.64,3.0,,2.8e-05,
1277,7,0.65,3.0,,2.8e-05,
1278,7,0.66,3.0,,3e-05,
1279,7,0.67,3.0,,2.8e-05,
1280,7,0.68,3.0,,2.9e-05,
1281,7,0.6900000000000001,3.0,,2.7e-05,
1282,7,0.7000000000000001,3.0,,2.8e-05,
1283,7,0.71,3.0,,2.7e-05,
1284,7,0.72,3.0,,2.7e-05,
1285,7,0.73,3.0,,2.5e-05,
1286,7,0.74,4.0,,4e-05,
1287,7,0.75,4.0,,2.7e-05,
1288,7,0.76,4.0,,2.5e-05,
1289,7,0.77,4.0,,2.6e-05,
1290,7,0.78,4.0,,2.7e-05,
1291,7,0.79,4.0,,2.6e-05,
1292,7,0.8,5.0,,2.6e-05,
1293,7,0.81,5.0,,2.7e-05,
1294,7,0.8200000000000001,5.0,,2.7e-05,
1295,7,0.8300000000000001,5.0,,2.6e-05,
1296,7,0.84,5.0,,2.7e-05,
1297,7,0.85,5.0,,2.6e-05,
1298,7,0.86,5.0,,2.9e-05,
1299,7,0.87,5.0,,2.7e-05,
1300,7,0.88,5.0,,2.7e-05,
1301,7,0.89,5.0,,3.2e-05,
1302,7,0.9,5.0,,2.6e-05,
1303,7,0.91,5.0,,2.5e-05,
1304,7,0.92,5.0,,2e-05,
1305,7,0.93,6.0,,3.7e-05,
1306,7,0.9400000000000001,7.0,,0.000177,
1307,7,0.9500000000000001,7.0,,0.000171,
1308,7,0.96,7.0,,0.000184,
1309,7,0.97,7.0,,0.000169,
1310,7,0.98,7.0,,0.000174,
1311,7,0.99,7.0,,0.000169,
1312,7,1.0,7.0,,0.000169,
1313,8,0.0,1.0,,3.1e-05,
1314,8,0.01,1.0,,3.2e-05,
1315,8,0.02,1.0,,3.1e-05,
1316,8,0.03,1.0,,3.1e-05,
1317,8,0.04,1.0,,3.1e-05,
1318,8,0.05,2.0,,3.1e-05,
1319,8,0.06,2.0,,3.6e-05,
1320,8,0.07,2.0,,3e-05,
1321,8,0.08,2.0,,3.1e-05,
1322,8,0.09,2.0,,3.2e-05,
1323,8,0.1,2.0,,3e-05,
1324,8,0.11,2.0,,2.9e-05,
1325,8,0.12,2.0,,3e-05,
1326,8,0.13,2.0,,3e-05,
1327,8,0.14,2.0,,3e-05,
1328,8,0.15,2.0,,3e-05,
1329,8,0.16,2.0,,3e-05,
1330,8,0.17,2.0,,4.3e-05,
1331,8,0.18,2.0,,2.8e-05,
1332,8,0.19,2.0,,3e-05,
1333,8,0.2,2.0,,3e-05,
1334,8,0.21,2.0,,3e-05,
1335,8,0.22,2.0,,2.7e-05,
1336,8,0.23,2.0,,2.9e-05,
1337,8,0.24,2.0,,2.9e-05,
1338,8,0.25,2.0,,3e-05,
1339,8,0.26,2.0,,2.8e-05,
1340,8,0.27,2.0,,2.8e-05,
1341,8,0.28,2.0,,2.7e-05,
1342,8,0.29,2.0,,2.9e-05,
1343,8,0.3,2.0,,3e-05,
1344,8,0.31,2.0,,2.9e-05,
1345,8,0.32,3.0,,2.9e-05,
1346,8,0.33,3.0,,6.3e-05,
1347,8,0.34,3.0,,3.1e-05,
1348,8,0.35000000000000003,3.0,,3.1e-05,
1349,8,0.36,3.0,,3.1e-05,
1350,8,0.37,3.0,,3.1e-05,
1351,8,0.38,3.0,,2.9e-05,
1352,8,0.39,3.0,,3e-05,
1353,8,0.4,3.0,,2.8e-05,
1354,8,0.41000000000000003,3.0,,2.8e-05,
1355,8,0.42,3.0,,2.9e-05,
1356,8,0.43,3.0,,3.1e-05,
1357,8,0.44,3.0,,3e-05,
1358,8,0.45,3.0,,3e-05,
1359,8,0.46,3.0,,3e-05,
1360,8,0.47000000000000003,3.0,,2.8e-05,
1361,8,0.48,3.0,,2.8e-05,
1362,8,0.49,3.0,,2.8e-05,
1363,8,0.5,3.0,,2.8e-05,
1364,8,0.51,3.0,,2.9e-05,
1365,8,0.52,3.0,,2.9e-05,
1366,8,0.53,3.0,,3e-05,
1367,8,0.54,3.0,,3e-05,
1368,8,0.55,3.0,,2.9e-05,
1369,8,0.56,3.0,,2.6e-05,
1370,8,0.5700000000000001,3.0,,2.5e-05,
1371,8,0.58,3.0,,2.5e-05,
1372,8,0.59,3.0,,2.6e-05,
1373,8,0.6,3.0,,2.4e-05,
1374,8,0.61,3.0,,2.5e-05,
1375,8,0.62,3.0,,2.4e-05,
1376,8,0.63,3.0,,2.5e-05,
1377,8,0.64,3.0,,2.6e-05,
1378,8,0.65,3.0,,2.6e-05,
1379,8,0.66,3.0,,2.6e-05,
1380,8,0.67,3.0,,2.5e-05,
1381,8,0.68,3.0,,2.6e-05,
1382,8,0.6900000000000001,3.0,,2.6e-05,
1383,8,0.7000000000000001,3.0,,2.4e-05,
1384,8,0.71,3.0,,2.6e-05,
1385,8,0.72,3.0,,2.6e-05,
1386,8,0.73,3.0,,2.6e-05,
1387,8,0.74,3.0,,2.8e-05,
1388,8,0.75,3.0,,2.6e-05,
1389,8,0.76,3.0,,2.6e-05,
1390,8,0.77,3.0,,2.5e-05,
1391,8,0.78,3.0,,2.6e-05,
1392,8,0.79,3.0,,2.6e-05,
1393,8,0.8,4.0,,2.6e-05,
1394,8,0.81,4.0,,2.8e-05,
1395,8,0.8200000000000001,4.0,,2.8e-05,
1396,8,0.8300000000000001,4.0,,2.7e-05,
1397,8,0.84,4.0,,2.8e-05,
1398,8,0.85,4.0,,2.8e-05,
1399,8,0.86,4.0,,2.7e-05,
1400,8,0.87,4.0,,2.8e-05,
1401,8,0.88,4.0,,2.8e-05,
1402,8,0.89,4.0,,2.8e-05,
1403,8,0.9,5.0,,3.8e-05,
1404,8,0.91,5.0,,3.6e-05,
1405,8,0.92,5.0,,2.9e-05,
1406,8,0.93,6.0,,5.7e-05,
1407,8,0.9400000000000001,7.0,,0.000297,
1408,8,0.9500000000000001,7.0,,0.000298,
1409,8,0.96,8.0,,0.001036,
1410,8,0.97,8.0,,0.001012,
1411,8,0.98,8.0,,0.001007,
1412,8,0.99,8.0,,0.001006,
1413,8,1.0,8.0,,0.001006,
1414,9,0.0,1.0,,4e-05,
1415,9,0.01,1.0,,4e-05,
1416,9,0.02,1.0,,3.8e-05,
1417,9,0.03,1.0,,4e-05,
1418,9,0.04,1.0,,3.9e-05,
1419,9,0.05,2.0,,3.6e-05,
1420,9,0.06,2.0,,3.7e-05,
1421,9,0.07,2.0,,3.7e-05,
1422,9,0.08,2.0,,3.4e-05,
1423,9,0.09,2.0,,3.7e-05,
1424,9,0.1,2.0,,3.4e-05,
1425,9,0.11,2.0,,3.3e-05,
1426,9,0.12,2.0,,3.7e-05,
1427,9,0.13,2.0,,3.5e-05,
1428,9,0.14,2.0,,3.5e-05,
1429,9,0.15,2.0,,3.4e-05,
1430,9,0.16,2.0,,3.6e-05,
1431,9,0.17,2.0,,3.6e-05,
1432,9,0.18,2.0,,3.4e-05,
1433,9,0.19,2.0,,3.6e-05,
1434,9,0.2,2.0,,5.1e-05,
1435,9,0.21,2.0,,4.1e-05,
1436,9,0.22,2.0,,4.1e-05,
1437,9,0.23,2.0,,3.8e-05,
1438,9,0.24,2.0,,3.8e-05,
1439,9,0.25,2.0,,3.8e-05,
1440,9,0.26,2.0,,3.8e-05,
1441,9,0.27,2.0,,3.9e-05,
1442,9,0.28,2.0,,3.7e-05,
1443,9,0.29,2.0,,3.6e-05,
1444,9,0.3,2.0,,3.7e-05,
1445,9,0.31,2.0,,3.9e-05,
1446,9,0.32,2.0,,3.8e-05,
1447,9,0.33,2.0,,3.8e-05,
1448,9,0.34,2.0,,3.6e-05,
1449,9,0.35000000000000003,2.0,,3.7e-05,
1450,9,0.36,2.0,,3.8e-05,
1451,9,0.37,2.0,,3.8e-05,
1452,9,0.38,3.0,,5.1e-05,
1453,9,0.39,3.0,,5e-05,
1454,9,0.4,3.0,,6.1e-05,
1455,9,0.41000000000000003,3.0,,5.1e-05,
1456,9,0.42,3.0,,5.1e-05,
1457,9,0.43,3.0,,4.8e-05,
1458,9,0.44,3.0,,4.7e-05,
1459,9,0.45,3.0,,4.6e-05,
1460,9,0.46,3.0,,4.7e-05,
1461,9,0.47000000000000003,3.0,,4.7e-05,
1462,9,0.48,3.0,,4.7e-05,
1463,9,0.49,3.0,,4.7e-05,
1464,9,0.5,3.0,,4.3e-05,
1465,9,0.51,4.0,,0.000219,
1466,9,0.52,4.0,,0.000158,
1467,9,0.53,4.0,,0.000157,
1468,9,0.54,4.0,,0.000134,
1469,9,0.55,4.0,,0.000104,
1470,9,0.56,4.0,,9.7e-05,
1471,9,0.5700000000000001,4.0,,9.5e-05,
1472,9,0.58,4.0,,9.7e-05,
1473,9,0.59,4.0,,0.000103,
1474,9,0.6,4.0,,0.000103,
1475,9,0.61,4.0,,0.000104,
1476,9,0.62,4.0,,0.000104,
1477,9,0.63,4.0,,0.000101,
1478,9,0.64,4.0,,0.000106,
1479,9,0.65,4.0,,9.6e-05,
1480,9,0.66,4.0,,9.6e-05,
1481,9,0.67,4.0,,9.7e-05,
1482,9,0.68,4.0,,9.6e-05,
1483,9,0.6900000000000001,4.0,,9.2e-05,
1484,9,0.7000000000000001,4.0,,9.3e-05,
1485,9,0.71,4.0,,8.8e-05,
1486,9,0.72,4.0,,9e-05,
1487,9,0.73,4.0,,9.3e-05,
1488,9,0.74,4.0,,7e-05,
1489,9,0.75,4.0,,5.7e-05,
1490,9,0.76,4.0,,3.4e-05,
1491,9,0.77,4.0,,3.7e-05,
1492,9,0.78,4.0,,3.7e-05,
1493,9,0.79,4.0,,3.5e-05,
1494,9,0.8,4.0,,2.9e-05,
1495,9,0.81,4.0,,3.1e-05,
1496,9,0.8200000000000001,4.0,,2.9e-05,
1497,9,0.8300000000000001,4.0,,3e-05,
1498,9,0.84,4.0,,3e-05,
1499,9,0.85,4.0,,2.8e-05,
1500,9,0.86,4.0,,2.9e-05,
1501,9,0.87,5.0,,4.4e-05,
1502,9,0.88,5.0,,4.7e-05,
1503,9,0.89,5.0,,4.7e-05,
1504,9,0.9,5.0,,4.6e-05,
1505,9,0.91,5.0,,9.2e-05,
1506,9,0.92,6.0,,0.000113,
1507,9,0.93,6.0,,7.5e-05,
1508,9,0.9400000000000001,7.0,,0.000242,
1509,9,0.9500000000000001,7.0,,0.000242,
1510,9,0.96,8.0,,0.00139,
1511,9,0.97,9.0,,0.007149,
1512,9,0.98,9.0,,0.007165,
1513,9,0.99,9.0,,0.007138,
1514,9,1.0,9.0,,0.006842,
1515,10,0.0,1.0,,4.7e-05,
1516,10,0.01,1.0,,5e-05,
1517,10,0.02,1.0,,4.7e-05,
1518,10,0.03,1.0,,4.5e-05,
1519,10,0.04,1.0,,4.6e-05,
1520,10,0.05,2.0,,4.6e-05,
1521,10,0.06,2.0,,4.8e-05,
1522,10,0.07,2.0,,4.8e-05,
1523,10,0.08,2.0,,4.8e-05,
1524,10,0.09,2.0,,4.4e-05,
1525,10,0.1,2.0,,4.4e-05,
1526,10,0.11,2.0,,5.8e-05,
1527,10,0.12,2.0,,4.7e-05,
1528,10,0.13,2.0,,4.7e-05,
1529,10,0.14,2.0,,4.5e-05,
1530,10,0.15,2.0,,4.8e-05,
1531,10,0.16,2.0,,4.7e-05,
1532,10,0.17,2.0,,4.6e-05,
1533,10,0.18,2.0,,5.2e-05,
1534,10,0.19,2.0,,4.8e-05,
1535,10,0.2,2.0,,4.7e-05,
1536,10,0.21,2.0,,4.7e-05,
1537,10,0.22,2.0,,4.3e-05,
1538,10,0.23,2.0,,4.2e-05,
1539,10,0.24,2.0,,4.3e-05,
1540,10,0.25,2.0,,4.7e-05,
1541,10,0.26,2.0,,4.6e-05,
1542,10,0.27,2.0,,4.7e-05,
1543,10,0.28,2.0,,4.7e-05,
1544,10,0.29,2.0,,4.7e-05,
1545,10,0.3,2.0,,6.3e-05,
1546,10,0.31,2.0,,4.6e-05,
1547,10,0.32,2.0,,4.7e-05,
1548,10,0.33,2.0,,4.7e-05,
1549,10,0.34,3.0,,4.8e-05,
1550,10,0.35000000000000003,3.0,,4.8e-05,
1551,10,0.36,3.0,,5e-05,
1552,10,0.37,3.0,,4.9e-05,
1553,10,0.38,3.0,,5e-05,
1554,10,0.39,3.0,,4.6e-05,
1555,10,0.4,3.0,,4.5e-05,
1556,10,0.41000000000000003,3.0,,4.4e-05,
1557,10,0.42,3.0,,4.7e-05,
1558,10,0.43,3.0,,4.4e-05,
1559,10,0.44,3.0,,4.4e-05,
1560,10,0.45,3.0,,4.6e-05,
1561,10,0.46,3.0,,4.5e-05,
1562,10,0.47000000000000003,3.0,,4.4e-05,
1563,10,0.48,3.0,,4.5e-05,
1564,10,0.49,3.0,,4.6e-05,
1565,10,0.5,3.0,,6.8e-05,
1566,10,0.51,3.0,,6.9e-05,
1567,10,0.52,3.0,,6.9e-05,
1568,10,0.53,3.0,,6.8e-05,
1569,10,0.54,3.0,,6.9e-05,
1570,10,0.55,3.0,,6.7e-05,
1571,10,0.56,3.0,,6.8e-05,
1572,10,0.5700000000000001,3.0,,7e-05,
1573,10,0.58,3.0,,6.7e-05,
1574,10,0.59,3.0,,6.9e-05,
1575,10,0.6,3.0,,6.4e-05,
1576,10,0.61,3.0,,6.9e-05,
1577,10,0.62,3.0,,6.4e-05,
1578,10,0.63,3.0,,6.8e-05,
1579,10,0.64,3.0,,6.9e-05,
1580,10,0.65,3.0,,6.5e-05,
1581,10,0.66,3.0,,6.7e-05,
1582,10,0.67,3.0,,6.6e-05,
1583,10,0.68,3.0,,6.6e-05,
1584,10,0.6900000000000001,3.0,,5.9e-05,
1585,10,0.7000000000000001,3.0,,6.1e-05,
1586,10,0.71,3.0,,6.2e-05,
1587,10,0.72,3.0,,5.7e-05,
1588,10,0.73,3.0,,5.6e-05,
1589,10,0.74,3.0,,5.6e-05,
1590,10,0.75,4.0,,0.000159,
1591,10,0.76,4.0,,6.6e-05,
1592,10,0.77,4.0,,6.6e-05,
1593,10,0.78,4.0,,6.7e-05,
1594,10,0.79,4.0,,6.5e-05,
1595,10,0.8,5.0,,0.000151,
1596,10,0.81,5.0,,0.000153,
1597,10,0.8200000000000001,5.0,,0.000149,
1598,10,0.8300000000000001,5.0,,0.000148,
1599,10,0.84,5.0,,0.00016,
1600,10,0.85,5.0,,0.000186,
1601,10,0.86,5.0,,0.000153,
1602,10,0.87,5.0,,0.00012,
1603,10,0.88,5.0,,0.000121,
1604,10,0.89,5.0,,0.000116,
1605,10,0.9,5.0,,0.000157,
1606,10,0.91,5.0,,0.000157,
1607,10,0.92,5.0,,0.000128,
1608,10,0.93,6.0,,0.00058,
1609,10,0.9400000000000001,7.0,,0.000603,
1610,10,0.9500000000000001,7.0,,0.000601,
1611,10,0.96,8.0,,0.002027,
1612,10,0.97,9.0,,0.007159,
1613,10,0.98,10.0,,0.056698,
1614,10,0.99,10.0,,0.05681,
1615,10,1.0,10.0,,0.055786,
1616,11,0.0,1.0,,5.5e-05,
1617,11,0.01,1.0,,5.6e-05,
1618,11,0.02,1.0,,5.7e-05,
1619,11,0.03,1.0,,6e-05,
1620,11,0.04,1.0,,6.1e-05,
1621,11,0.05,2.0,,5.6e-05,
1622,11,0.06,2.0,,5.6e-05,
1623,11,0.07,2.0,,5.6e-05,
1624,11,0.08,2.0,,5.6e-05,
1625,11,0.09,2.0,,5.6e-05,
1626,11,0.1,2.0,,5.6e-05,
1627,11,0.11,2.0,,5.8e-05,
1628,11,0.12,3.0,,5.2e-05,
1629,11,0.13,3.0,,5.2e-05,
1630,11,0.14,3.0,,5.2e-05,
1631,11,0.15,3.0,,4.8e-05,
1632,11,0.16,3.0,,4.8e-05,
1633,11,0.17,3.0,,4.7e-05,
1634,11,0.18,3.0,,5e-05,
1635,11,0.19,3.0,,4.8e-05,
1636,11,0.2,3.0,,8.4e-05,
1637,11,0.21,3.0,,5e-05,
1638,11,0.22,3.0,,5.1e-05,
1639,11,0.23,3.0,,5.6e-05,
1640,11,0.24,3.0,,4.7e-05,
1641,11,0.25,3.0,,5.2e-05,
1642,11,0.26,3.0,,5.1e-05,
1643,11,0.27,3.0,,5.1e-05,
1644,11,0.28,3.0,,5.3e-05,
1645,11,0.29,3.0,,5.2e-05,
1646,11,0.3,3.0,,5.2e-05,
1647,11,0.31,3.0,,5.2e-05,
1648,11,0.32,3.0,,5.3e-05,
1649,11,0.33,3.0,,4.8e-05,
1650,11,0.34,3.0,,4.8e-05,
1651,11,0.35000000000000003,3.0,,6.3e-05,
1652,11,0.36,3.0,,4.7e-05,
1653,11,0.37,3.0,,4.9e-05,
1654,11,0.38,4.0,,4.5e-05,
1655,11,0.39,4.0,,4.7e-05,
1656,11,0.4,4.0,,6.8e-05,
1657,11,0.41000000000000003,4.0,,4.9e-05,
1658,11,0.42,4.0,,5.5e-05,
1659,11,0.43,4.0,,4.8e-05,
1660,11,0.44,4.0,,4.8e-05,
1661,11,0.45,4.0,,4.8e-05,
1662,11,0.46,4.0,,4.6e-05,
1663,11,0.47000000000000003,4.0,,5.6e-05,
1664,11,0.48,4.0,,4.6e-05,
1665,11,0.49,4.0,,4.6e-05,
1666,11,0.5,4.0,,6.5e-05,
1667,11,0.51,5.0,,0.000149,
1668,11,0.52,5.0,,0.000149,
1669,11,0.53,5.0,,0.000149,
1670,11,0.54,5.0,,0.00015,
1671,11,0.55,5.0,,0.000149,
1672,11,0.56,5.0,,0.00015,
1673,11,0.5700000000000001,5.0,,0.00015,
1674,11,0.58,5.0,,0.00015,
1675,11,0.59,5.0,,0.0001,
1676,11,0.6,5.0,,0.000108,
1677,11,0.61,5.0,,0.000108,
1678,11,0.62,5.0,,0.000108,
1679,11,0.63,5.0,,0.000103,
1680,11,0.64,5.0,,0.000104,
1681,11,0.65,5.0,,9.9e-05,
1682,11,0.66,5.0,,0.0001,
1683,11,0.67,5.0,,0.0001,
1684,11,0.68,5.0,,0.000103,
1685,11,0.6900000000000001,5.0,,0.000102,
1686,11,0.7000000000000001,5.0,,0.000107,
1687,11,0.71,5.0,,0.000115,
1688,11,0.72,5.0,,0.000108,
1689,11,0.73,5.0,,0.000107,
1690,11,0.74,5.0,,9.7e-05,
1691,11,0.75,5.0,,8.6e-05,
1692,11,0.76,5.0,,8.7e-05,
1693,11,0.77,5.0,,8.7e-05,
1694,11,0.78,5.0,,8.7e-05,
1695,11,0.79,5.0,,8.7e-05,
1696,11,0.8,5.0,,6.2e-05,
1697,11,0.81,5.0,,6.4e-05,
1698,11,0.8200000000000001,5.0,,6.2e-05,
1699,11,0.8300000000000001,5.0,,6e-05,
1700,11,0.84,6.0,,0.000278,
1701,11,0.85,6.0,,0.000244,
1702,11,0.86,6.0,,0.000245,
1703,11,0.87,6.0,,0.00029,
1704,11,0.88,6.0,,0.000245,
1705,11,0.89,6.0,,0.000286,
1706,11,0.9,6.0,,0.000243,
1707,11,0.91,6.0,,0.00025,
1708,11,0.92,7.0,,0.001018,
1709,11,0.93,7.0,,0.000802,
1710,11,0.9400000000000001,9.0,,0.02052,
1711,11,0.9500000000000001,9.0,,0.019541,
1712,11,0.96,9.0,,0.014742,
1713,11,0.97,10.0,,0.118925,
1714,11,0.98,11.0,,0.5293,
1715,11,0.99,11.0,,0.52647,
1716,11,1.0,11.0,,0.524184,
1717,12,0.0,1.0,,6.6e-05,
1718,12,0.01,1.0,,6.6e-05,
1719,12,0.02,1.0,,6.7e-05,
1720,12,0.03,1.0,,6.7e-05,
1721,12,0.04,1.0,,6.6e-05,
1722,12,0.05,2.0,,6.2e-05,
1723,12,0.06,2.0,,6.1e-05,
1724,12,0.07,2.0,,6.1e-05,
1725,12,0.08,2.0,,6.2e-05,
1726,12,0.09,2.0,,6.1e-05,
1727,12,0.1,2.0,,6.3e-05,
1728,12,0.11,2.0,,6.3e-05,
1729,12,0.12,2.0,,6.5e-05,
1730,12,0.13,2.0,,6.5e-05,
1731,12,0.14,2.0,,6.7e-05,
1732,12,0.15,2.0,,6.5e-05,
1733,12,0.16,2.0,,6.6e-05,
1734,12,0.17,2.0,,6.6e-05,
1735,12,0.18,2.0,,6.6e-05,
1736,12,0.19,2.0,,6.9e-05,
1737,12,0.2,2.0,,6.9e-05,
1738,12,0.21,3.0,,8.5e-05,
1739,12,0.22,3.0,,6.7e-05,
1740,12,0.23,3.0,,6.7e-05,
1741,12,0.24,3.0,,6.4e-05,
1742,12,0.25,3.0,,6.4e-05,
1743,12,0.26,3.0,,6.4e-05,
1744,12,0.27,3.0,,9e-05,
1745,12,0.28,3.0,,6.5e-05,
1746,12,0.29,3.0,,8.5e-05,
1747,12,0.3,3.0,,6.6e-05,
1748,12,0.31,3.0,,6.5e-05,
1749,12,0.32,3.0,,6.9e-05,
1750,12,0.33,3.0,,6.9e-05,
1751,12,0.34,3.0,,7.3e-05,
1752,12,0.35000000000000003,3.0,,6.4e-05,
1753,12,0.36,3.0,,7.4e-05,
1754,12,0.37,3.0,,7.3e-05,
1755,12,0.38,3.0,,7.4e-05,
1756,12,0.39,3.0,,7.8e-05,
1757,12,0.4,3.0,,7.8e-05,
1758,12,0.41000000000000003,3.0,,8e-05,
1759,12,0.42,3.0,,8e-05,
1760,12,0.43,3.0,,8.2e-05,
1761,12,0.44,3.0,,8.2e-05,
1762,12,0.45,3.0,,8e-05,
1763,12,0.46,3.0,,8e-05,
1764,12,0.47000000000000003,3.0,,7.7e-05,
1765,12,0.48,3.0,,0.000102,
1766,12,0.49,3.0,,7.7e-05,
1767,12,0.5,4.0,,0.000129,
1768,12,0.51,4.0,,0.000103,
1769,12,0.52,4.0,,9.2e-05,
1770,12,0.53,4.0,,0.000112,
1771,12,0.54,4.0,,9.1e-05,
1772,12,0.55,4.0,,9.1e-05,
1773,12,0.56,4.0,,8.5e-05,
1774,12,0.5700000000000001,4.0,,8.8e-05,
1775,12,0.58,4.0,,9.3e-05,
1776,12,0.59,4.0,,9.1e-05,
1777,12,0.6,4.0,,9.3e-05,
1778,12,0.61,4.0,,9.4e-05,
1779,12,0.62,4.0,,8.8e-05,
1780,12,0.63,4.0,,8.8e-05,
1781,12,0.64,4.0,,8.7e-05,
1782,12,0.65,4.0,,8.8e-05,
1783,12,0.66,4.0,,9e-05,
1784,12,0.67,4.0,,9.3e-05,
1785,12,0.68,4.0,,0.000128,
1786,12,0.6900000000000001,4.0,,9.2e-05,
1787,12,0.7000000000000001,4.0,,9.2e-05,
1788,12,0.71,4.0,,9.4e-05,
1789,12,0.72,4.0,,7.9e-05,
1790,12,0.73,4.0,,7.3e-05,
1791,12,0.74,4.0,,7.7e-05,
1792,12,0.75,4.0,,7.8e-05,
1793,12,0.76,5.0,,0.000201,
1794,12,0.77,5.0,,0.000536,
1795,12,0.78,5.0,,0.000547,
1796,12,0.79,5.0,,0.000613,
1797,12,0.8,5.0,,0.000473,
1798,12,0.81,5.0,,0.00016,
1799,12,0.8200000000000001,5.0,,0.000162,
1800,12,0.8300000000000001,6.0,,0.000374,
1801,12,0.84,6.0,,0.000191,
1802,12,0.85,6.0,,0.000189,
1803,12,0.86,6.0,,0.000142,
1804,12,0.87,6.0,,0.000143,
1805,12,0.88,6.0,,0.000146,
1806,12,0.89,7.0,,0.00137,
1807,12,0.9,7.0,,0.001309,
1808,12,0.91,7.0,,0.001254,
1809,12,0.92,7.0,,0.000714,
1810,12,0.93,7.0,,0.000316,
1811,12,0.9400000000000001,10.0,,0.114185,
1812,12,0.9500000000000001,10.0,,0.113128,
1813,12,0.96,11.0,,0.515463,
1814,12,0.97,11.0,,0.515082,
1815,12,0.98,12.0,,5.166695,
1816,12,0.99,12.0,,5.146641,
1817,12,1.0,12.0,,5.098512,
1818,13,0.0,1.0,,8.4e-05,
1819,13,0.01,1.0,,7.8e-05,
1820,13,0.02,1.0,,8.4e-05,
1821,13,0.03,1.0,,8.4e-05,
1822,13,0.04,1.0,,8.4e-05,
1823,13,0.05,2.0,,8e-05,
1824,13,0.06,2.0,,8e-05,
1825,13,0.07,2.0,,8e-05,
1826,13,0.08,2.0,,8.1e-05,
1827,13,0.09,2.0,,7.9e-05,
1828,13,0.1,2.0,,9.1e-05,
1829,13,0.11,2.0,,8.1e-05,
1830,13,0.12,2.0,,8e-05,
1831,13,0.13,2.0,,7.7e-05,
1832,13,0.14,2.0,,8e-05,
1833,13,0.15,2.0,,7.8e-05,
1834,13,0.16,2.0,,7.2e-05,
1835,13,0.17,2.0,,9e-05,
1836,13,0.18,2.0,,7.8e-05,
1837,13,0.19,3.0,,9.8e-05,
1838,13,0.2,3.0,,9.7e-05,
1839,13,0.21,3.0,,9.1e-05,
1840,13,0.22,3.0,,9.2e-05,
1841,13,0.23,3.0,,9.1e-05,
1842,13,0.24,3.0,,9.2e-05,
1843,13,0.25,3.0,,9.2e-05,
1844,13,0.26,3.0,,8.6e-05,
1845,13,0.27,3.0,,8.6e-05,
1846,13,0.28,3.0,,8.7e-05,
1847,13,0.29,3.0,,9.2e-05,
1848,13,0.3,3.0,,9.3e-05,
1849,13,0.31,3.0,,9.1e-05,
1850,13,0.32,3.0,,9.1e-05,
1851,13,0.33,3.0,,8.7e-05,
1852,13,0.34,3.0,,8.7e-05,
1853,13,0.35000000000000003,3.0,,8.8e-05,
1854,13,0.36,3.0,,8.4e-05,
1855,13,0.37,3.0,,8.5e-05,
1856,13,0.38,4.0,,0.000262,
1857,13,0.39,4.0,,0.000258,
1858,13,0.4,4.0,,0.000509,
1859,13,0.41000000000000003,4.0,,0.000515,
1860,13,0.42,4.0,,0.000517,
1861,13,0.43,4.0,,0.000513,
1862,13,0.44,4.0,,0.000472,
1863,13,0.45,4.0,,0.000475,
1864,13,0.46,4.0,,0.000529,
1865,13,0.47000000000000003,4.0,,0.000393,
1866,13,0.48,4.0,,0.000463,
1867,13,0.49,4.0,,0.000382,
1868,13,0.5,4.0,,0.000382,
1869,13,0.51,4.0,,0.00029,
1870,13,0.52,4.0,,0.000286,
1871,13,0.53,4.0,,0.000286,
1872,13,0.54,4.0,,0.000282,
1873,13,0.55,5.0,,0.001016,
1874,13,0.56,5.0,,0.000797,
1875,13,0.5700000000000001,5.0,,0.000869,
1876,13,0.58,5.0,,0.000836,
1877,13,0.59,5.0,,0.000826,
1878,13,0.6,5.0,,0.000747,
1879,13,0.61,5.0,,0.000783,
1880,13,0.62,5.0,,0.000803,
1881,13,0.63,5.0,,0.000746,
1882,13,0.64,5.0,,0.00084,
1883,13,0.65,5.0,,0.000814,
1884,13,0.66,5.0,,0.000823,
1885,13,0.67,5.0,,0.000822,
1886,13,0.68,5.0,,0.000892,
1887,13,0.6900000000000001,5.0,,0.000744,
1888,13,0.7000000000000001,5.0,,0.000779,
1889,13,0.71,5.0,,0.000788,
1890,13,0.72,5.0,,0.000743,
1891,13,0.73,5.0,,0.000742,
1892,13,0.74,5.0,,0.000687,
1893,13,0.75,5.0,,0.000705,
1894,13,0.76,6.0,,0.001601,
1895,13,0.77,6.0,,0.001157,
1896,13,0.78,6.0,,0.001177,
1897,13,0.79,6.0,,0.001181,
1898,13,0.8,6.0,,0.00262,
1899,13,0.81,7.0,,0.007503,
1900,13,0.8200000000000001,7.0,,0.007735,
1901,13,0.8300000000000001,7.0,,0.0057,
1902,13,0.84,7.0,,0.005194,
1903,13,0.85,7.0,,0.004882,
1904,13,0.86,7.0,,0.003414,
1905,13,0.87,7.0,,0.002991,
1906,13,0.88,7.0,,0.002883,
1907,13,0.89,7.0,,0.002858,
1908,13,0.9,8.0,,0.0325,
1909,13,0.91,8.0,,0.03162,
1910,13,0.92,8.0,,0.023403,
1911,13,0.93,8.0,,0.010173,
1912,13,0.9400000000000001,10.0,,0.679949,
1913,13,0.9500000000000001,10.0,,0.540978,
1914,13,0.96,10.0,,0.299321,
1915,13,0.97,11.0,,1.606708,
1916,13,0.98,12.0,,10.402575,
1917,13,0.99,13.0,,56.158607,
1918,13,1.0,13.0,,62.100894,
1919,14,0.0,1.0,,0.000134,
1920,14,0.01,1.0,,0.00014,
1921,14,0.02,1.0,,0.000165,
1922,14,0.03,1.0,,0.000164,
1923,14,0.04,1.0,,0.000189,
1924,14,0.05,2.0,,0.000148,
1925,14,0.06,2.0,,0.000142,
1926,14,0.07,2.0,,0.000133,
1927,14,0.08,2.0,,0.000171,
1928,14,0.09,2.0,,0.000161,
1929,14,0.1,2.0,,0.000161,
1930,14,0.11,2.0,,0.000144,
1931,14,0.12,2.0,,0.00017,
1932,14,0.13,2.0,,0.000165,
1933,14,0.14,2.0,,0.000216,
1934,14,0.15,2.0,,0.000215,
1935,14,0.16,2.0,,0.000192,
1936,14,0.17,2.0,,0.000187,
1937,14,0.18,2.0,,0.000195,
1938,14,0.19,2.0,,0.000183,
1939,14,0.2,2.0,,0.000193,
1940,14,0.21,3.0,,0.0002,
1941,14,0.22,3.0,,0.000195,
1942,14,0.23,3.0,,0.000161,
1943,14,0.24,3.0,,0.000165,
1944,14,0.25,3.0,,0.000147,
1945,14,0.26,3.0,,0.000179,
1946,14,0.27,3.0,,0.000133,
1947,14,0.28,3.0,,0.000337,
1948,14,0.29,3.0,,0.000374,
1949,14,0.3,3.0,,0.000343,
1950,14,0.31,3.0,,0.000354,
1951,14,0.32,3.0,,0.000373,
1952,14,0.33,3.0,,0.0004,
1953,14,0.34,3.0,,0.000352,
1954,14,0.35000000000000003,3.0,,0.000416,
1955,14,0.36,3.0,,0.000385,
1956,14,0.37,3.0,,0.000389,
1957,14,0.38,3.0,,0.000307,
1958,14,0.39,3.0,,0.000366,
1959,14,0.4,3.0,,0.00027,
1960,14,0.41000000000000003,3.0,,0.000256,
1961,14,0.42,4.0,,0.000428,
1962,14,0.43,4.0,,0.000401,
1963,14,0.44,4.0,,0.00029,
1964,14,0.45,4.0,,0.000269,
1965,14,0.46,4.0,,0.000237,
1966,14,0.47000000000000003,4.0,,0.000154,
1967,14,0.48,4.0,,0.000136,
1968,14,0.49,4.0,,0.000135,
1969,14,0.5,4.0,,0.000247,
1970,14,0.51,4.0,,0.000152,
1971,14,0.52,4.0,,0.000153,
1972,14,0.53,4.0,,0.000163,
1973,14,0.54,4.0,,0.000167,
1974,14,0.55,5.0,,0.000277,
1975,14,0.56,5.0,,0.000242,
1976,14,0.5700000000000001,5.0,,0.000234,
1977,14,0.58,5.0,,0.000231,
1978,14,0.59,5.0,,0.000222,
1979,14,0.6,5.0,,0.000286,
1980,14,0.61,5.0,,0.000287,
1981,14,0.62,5.0,,0.000218,
1982,14,0.63,5.0,,0.000248,
1983,14,0.64,5.0,,0.000276,
1984,14,0.65,5.0,,0.000272,
1985,14,0.66,5.0,,0.000275,
1986,14,0.67,5.0,,0.000274,
1987,14,0.68,5.0,,0.000274,
1988,14,0.6900000000000001,5.0,,0.000229,
1989,14,0.7000000000000001,5.0,,0.000239,
1990,14,0.71,5.0,,0.000199,
1991,14,0.72,5.0,,0.000557,
1992,14,0.73,6.0,,0.003346,
1993,14,0.74,6.0,,0.00159,
1994,14,0.75,6.0,,0.00157,
1995,14,0.76,6.0,,0.001275,
1996,14,0.77,6.0,,0.000772,
1997,14,0.78,6.0,,0.000795,
1998,14,0.79,6.0,,0.000772,
1999,14,0.8,6.0,,0.000727,
2000,14,0.81,7.0,,0.009913,
2001,14,0.8200000000000001,7.0,,0.009078,
2002,14,0.8300000000000001,7.0,,0.009827,
2003,14,0.84,7.0,,0.010034,
2004,14,0.85,7.0,,0.010743,
2005,14,0.86,7.0,,0.008491,
2006,14,0.87,7.0,,0.006615,
2007,14,0.88,7.0,,0.004863,
2008,14,0.89,7.0,,0.002613,
2009,14,0.9,7.0,,0.002723,
2010,14,0.91,7.0,,0.002667,
2011,14,0.92,7.0,,0.001209,
2012,14,0.93,8.0,,0.014905,
2013,14,0.9400000000000001,9.0,,0.097411,
2014,14,0.9500000000000001,9.0,,0.073807,
2015,14,0.96,12.0,,46.831595,
2016,14,0.97,12.0,,19.509312,
2017,14,0.98,13.0,,130.185015,
2018,14,0.99,-1.0,,300.000001,
2019,14,1.0,-1.0,,300.000001,
